pmid,doi,pmc_pdf,unpaywall_pdf,found,source
41176483,10.1016/j.siny.2025.101680,,,False,
41173019,10.1016/j.lanmic.2025.101214,,,False,
"41171511
29982449
37942621
36867528
34222901
31504575
23602223
30443780
25538169
38842523
34588251
28505278
19767623
28673610
33709495
30362845
40201538
28499957
37636216
40070892
30423035
36865701
37782035
35511829
35052921
33246042
38140046
39619734
37848286
28073966
32133131
35609967
37574704
28760798
22526869
35157228
16790578
33576336
39035018","10.1007/s15010-025-02671-0
10.1093/jac/dky224
10.1080/1120009X.2023.2277507
10.1080/14787210.2023.2184347
10.1093/jacamr/dlz026
10.1093/jac/dkz343
10.1016/j.ejim.2013.03.014
10.1007/s15010-018-1250-1
10.1093/jac/dku517
10.1093/jac/dkae177
10.1136/bmjopen-2021-049733
10.1093/jac/dkx123
10.1093/jac/dkp343
10.1016/j.ijantimicag.2017.03.016
10.1111/ijcp.14147
10.1080/14737167.2019.1541404
10.1093/jacamr/dlaf049
10.1016/j.ijantimicag.2017.02.017
10.1177/20499361231191877
10.1093/jacamr/dlaf030
10.1093/cid/ciy745
10.1017/ash.2022.330
10.1017/ice.2023.216
10.1093/ajhp/zxac122
10.3390/antibiotics11010045
10.1016/j.ijid.2020.11.176
10.3390/pharmaceutics15122705
10.1093/jacamr/dlae186
10.1136/ejhpharm-2023-003855
10.1093/jac/dkw556
10.1136/ejhpharm-2019-001875
10.1136/ejhpharm-2022-003286
10.1093/jac/dkad251
10.1136/bmjopen-2017-016763
10.1007/s10096-012-1613-4
10.1007/s11096-022-01379-7
10.2146/ajhp050408
10.1016/j.medmal.2020.10.019
10.1093/jacamr/dlae111
10.1016/j.farma.2023.12.003",,,False,
41171000,10.1128/spectrum.02383-25,,,False,
"41170114
25204342
20483949
33188343
32718488
37596897
31873263
32169683
30034150
29038627
328525
27742205
29155536
21478056
24115710
21200180
20851812
28178770
21795728
11326536","10.6026/973206300211871
10.1136/bmj.c2096.
10.1038/s41415-020-2336.
10.1016/j.esmoop.2020.04.023.
10.1001/jamanetworkopen.2019.3909.
10.1093/jac/dkad248
10.1016/j.jgar.2020.02.024.
10.1007/s12663-017-1014-y.
10.1007/s12663-016-0966-7
10.1016/j.ijantimicag.2016.08.018
10.1016/S1473-3099(11)70070-6.
10.1097/01.qco.0000393484.17894.05.
10.1093/jac/dkq357.
10.1002/14651858.CD003543.pub4.
10.1093/cid/cir363",,,False,
"41170084
23504089
29165604
29276051
28356109
15831827
17878146
12354884
20848811
27942195
31558943
19952319
16107985
12928556
16223952
22932472
17642704
16931410
17093026
11182841
17173212
19739972
23479660
19386850
14532193
21530894
16223951
23595835",10.6026/973206300212080,,,False,
"41169440
35065702
29601469
26016985
37038206
39816662
37747889
32340387
35973672
34785096
32731420
34082541
37208702
37710030
33612225
37505816
37846033
38241406
37740561
17827488","10.1155/vmi/8043291
10.1016/S0140-6736(21)02724-0
10.3390/MOLECULES23040795
10.4102/OJVR.V82I1.816
10.1186/s13756-023-01235-x
10.3389/frabi.2023.1233698
10.1371/journal.pone.0291556
10.3390/ANTIBIOTICS9040204
10.1016/j.jgar.2022.08.007
10.1191/1478088706qp063oa
10.1177/1525822X05279903
10.1016/J.SOCSCIMED.2021.114523
10.3390/ANTIBIOTICS9080453
10.4102/JSAVA.V92I0.2120
10.1186/s12917-023-03625-0
10.56093/IJANS.V92I2.122074
10.1038/s41562-023-01677-8
10.3168/JDS.2020-19614
10.3390/vetsci10070410
10.1002/HPM.3717
10.1371/JOURNAL.PONE.0297472
10.1080/14787210.2023.2259106
10.2991/ASSEHR.K.220504.327
10.1136/bmj.39301.497593.55",,,False,
41167270,10.1016/j.jgar.2025.10.020,,,False,
"41164358
39551017
26493846
34980101
29635468
37652387
36978354
17954599
19398507
36251714
37106971
33540893
16502109
38089962
30671471
26940999
37497033
31855787
39798291
32630353
17997281
36604700
38540066
25981931
38539953
36514172
21976606
38863561
35065702
40204742
28848739
23735422
9810381
31329501
38447711
38655534
37924893
33348801
35841632
25792457
31604207
31374443","10.3389/frabi.2025.1646766
10.1016/j.jiph.2024.102592
10.1016/j.cmi.2015.10.016
10.1186/s12917-021-03056-9
10.1093/femsle/fny088
10.1016/j.scitotenv.2023.166661
10.3390/antibiotics12030487
10.3382/ps.2007-00249
10.2134/jeq2008.0128
10.1371/journal.pone.0276158
10.3390/ani13081409
10.3390/ani11020377
10.1007/s11259-006-3303-7
10.2147/IDR.S428837
10.1155/2018/7943786
10.2807/1560-7917.ES.2016.21.8.30144
10.3389/fpubh.2023.1154668/full
10.1016/j.ijfoodmicro.2019.108478
10.1016/j.scitotenv.2024.178301
10.3390/antibiotics9070372
10.1016/j.resmic.2007.09.004
10.1186/s13756-022-01202-y
10.3390/ani14060968
10.1016/j.tvjl.2015.04.016
10.1016/j.jesp.2012.07.002
10.1186/s40104-022-00786-0
10.1128/CMR.00002-11
10.1093/jacamr/dlae094
10.1016/S0140-6736(21)02724-0
10.1038/s41598-025-90777-8
10.3389/fvets.2017.00126/full
10.4314/sokjvs.v12i1.7
10.1289/ehp.1206446
10.2460/javma.1998.213.09.1270
10.1089/mdr.2019.0138
10.1016/j.scitotenv.2024.171345
10.3389/fvets.2024.1349088/full
10.1016/j.microb.2025.100309
10.1016/j.scitotenv.2023.168234
10.3390/antibiotics9120918
10.1016/j.psj.2022.101987
10.1073/pnas.1503141112
10.1126/science.aaw1944
10.1016/j.envint.2019.105059",,,False,
"41164032
30498316
28701159
323710
27208764
40424180
31110624
40227352
37138445
31615450
19489710
39747735
40165066
26169401
39699248
38786159
27726765
38315022
33261661
39563416
39194269
34350523
38159939
38801517",10.7759/cureus.93375,,https://www.cureus.com/articles/398786-advanced-insights-into-intravascular-bloodstream-infections-a-cross-sectional-study-of-the-molecular-characterization-of-world-health-organization-priority-pathogens-and-antimicrobial-resistance-patterns-at-a-tertiary-care-hospital.pdf,True,Unpaywall
"41163233
39922206
34225545
25393303
28515903
37265987
34861894
34258373
31908502
37444780
28637486
35156031
37294747
30407891
37887177
39979877
36945071
39085272
33942448
37821920
39894520
34014625
33271843
34301332
38333004
39482320",10.1186/s40780-025-00503-9,,https://jphcs.biomedcentral.com/counter/pdf/10.1186/s40780-025-00503-9,True,Unpaywall
"41161830
39299261
40420096
36244350
11735659
40012022
38127886
39300551
35081149
35941706
29621165
25859123
37138204
32306940
33541440
34754181
26008209
36941561
24941883
32814152
36303594
31156941
32458226
34196261
37954639
37809972
34795717
31190922
31692864
25534613
30716570
9466772
34344685
34793554
38180959","10.1136/bmjopen-2025-107987
10.1016/S0140-6736(24)01867-1
10.1186/s12889-025-23202-4
10.1016/S2468-2667(22)00225-0
10.2165/00002018-200124140-00002
10.1186/s13643-025-02783-6
10.1371/journal.pone.0293685
10.1186/s13756-024-01466-6
10.1371/journal.pone.0263067
10.1186/s40360-022-00602-5
10.3390/ijerph15040687
10.51298/vmj.v531i1.6932
10.58490/ctump.2025i86.3379
10.1186/s12879-023-08227-7
10.1186/s12889-020-08676-8
10.1186/s13756-021-00892-0
10.2147/PPA.S328890
10.1016/j.puhe.2015.04.005
10.1186/s12889-023-15184-y
10.1111/tmi.12322
10.1016/j.jgar.2020.07.023
10.2147/PPA.S384671
10.1136/ejhpharm-2015-000733
10.1007/s11096-020-01065-6
10.1080/14787210.2021.1951229
10.1093/jacamr/dlad116
10.1016/j.heliyon.2023.e19923
10.4314/ahs.v21i2.19
10.2147/IDR.S203364
10.11604/pamj.2019.33.307.18139
10.1186/2050-6511-15-74
10.1016/j.puhe.2018.11.018
10.1128/JCM.36.2.539-542.1998
10.1016/B978-0-323-40181-4.00026-8
10.1136/bmjopen-2021-051465
10.1371/journal.pone.0260142
10.1371/journal.pone.0296822",,,False,
"41161737
31202973
16235394
18515507
29096053
30065545
38235887
31097213
34185447
32934656
38532503
20619135
18271883
31004221
23262251
27054788
11236732
30136338
36027955
35580876","10.1136/bmj-2025-084312
10.1016/j.ejogrb.2019.05.038
10.1002/14651858.CD005125.pub4
10.1097/AOG.0b013e31816de8ad
10.1002/14651858.CD012136.pub2
10.1007/s13224-017-1041-0
10.18203/2320-1770.ijrcog20194145
10.1016/S0140-6736(19)30773-1
10.1155/2020/1582653
10.1186/s13063-024-08069-x
10.3736/jcim20100702
10.1111/j.1471-0528.2007.01637.x
10.1007/s00404-019-05165-1
10.1016/j.ajog.2012.12.025
10.1097/SPV.0000000000000274
10.1111/birt.12389
10.1016/j.ajog.2022.08.037
10.1136/bmj-2021-069704",,,False,
41160711,10.1080/0142159X.2025.2579098,,,False,
41159234,10.37201/req/s01.11.2025,,,False,
41159225,10.37201/req/s01.02.2025,,,False,
"41159098
26343252
27252395
36978354
33195490
30602430
37647721
34262960
31383315
39068790","10.1093/jacamr/dlaf199
10.1179/2047773215Y.0000000030
10.1101/cshperspect.a025197
10.3390/antibiotics12030487
10.3389/fvets.2020.00540
10.1093/biomet/65.2.297
10.18637/jss.v087.i11
10.17236/sat00192
10.1016/j.prevetmed.2023.106006
10.3389/fvets.2021.627894
10.1016/j.vetmic.2019.07.016
10.1016/j.prevetmed.2024.106291",,,False,
"41158783
31733401
38349160
39415207
39305919
26343252
37697310
24252483
29625653
33971055
29383668
39256346
39524479
24878531
24842194
32201008
37107137
33851566
34646006
11880055
34085183
36244081
35004357
37438338
28697667
33184066
34774223
39556760
21507212
29601469
12212945
12450826
36285856
16817922
27094336
21976606
38190048
29796739
29600770
38304438
27933044
36978495
32002216
35740172
22559747
22705202
26719219
26843692
23916223
30683453
36751744
31424002
32358954
33733747
27807347
39151317
30081260
33052154
27156019
34694763
29102325
34598416
40382559
37436833
33845163
34972026
37866472
39432417
39990146
16494740
21556308
35949742
36977796
30678365
38263235
34368682
14720002
37396191
38764535
40963659
39513247
40110554
39233122
40881817
40503455","10.2147/IDR.S530557
10.1016/J.MIB.2019.10.008
10.1128/AAC.01579-23/ASSET/D85EF8E3-2A5C-4526-811E-3D4E46B6E636/ASSETS/IMAGES/LARGE/AAC.01579-23.F003.JPG
10.1186/S12992-024-01046-8/FIGURES/13
10.1016/j.lanmic.2024.07.010
10.1179/2047773215Y.0000000030
10.1186/s12879-023-08585-2
10.1016/S1473-3099(13)70318-9
10.1016/j.micres.2018.02.007
10.1111/jam.15130
10.1007/978-3-319-72799-8_9
10.1038/s41392-024-01917-x
10.1038/s44259-024-00055-2
10.1016/J.BBRC.2014.05.090
10.1016/j.tim.2014.04.007
10.1016/j.disamonth.2020.100971
10.3390/antibiotics12040775
10.1080/20477724.2021.1916158
10.1038/s41579-021-00639-z
10.1007/s11684-020-0777-6
10.1016/j.micres.2022.127221
10.3389/FCIMB.2021.797509
10.1038/s41467-023-39416-2
10.56093/ijans.v92i2.122074
10.9734/mrji/2024/v34i121512
10.1146/annurev-micro-090816
10.1136/bmjgh-2020-003599
10.1016/S2542-5196(21)00280-1
10.1073/pnas.2411919121
10.1186/1471-2334-11-99
10.3390/MOLECULES23040795
10.1081/ABIO-120005767
10.1128/AEM.68.12.6036-6042.2002/ASSET/790C25A2-5F25-4D80-B429-54BD1D48AE92/ASSETS/GRAPHIC/AM1220532002.JPEG
10.37201/req/s03.09.2022
10.1111/j.1462-2920.2006.01054.x
10.1128/MBIO.02227-15
10.1128/CMR.00002-11/ASSET/4D3AF1F3-0278-46EA-9908-B0C325D8B5CD/ASSETS/GRAPHIC/ZCM9990923620001.JPEG
10.1007/S44197-023-00178-1/METRICS
10.26502/ami.936500152
10.1007/S15010-018-1137-1/TABLES/1
10.12774/eod_cr.june2015.graced
10.3390/AGRICULTURE12020289
10.1128/microbiolspec.arba-0009-2017
10.1016/J.ONEHLT.2024.100678
10.3389/FMICB.2016.01881/BIBTEX
10.3390/antibiotics12030628
10.1093/AF/VFY001
10.3390/ANTIBIOTICS11060766/S1
10.1186/1477-3155-10-19/FIGURES/7
10.1016/J.HUMIC.2019.01.001
10.1016/J.ABB.2012.06.001
10.1016/J.TIPS.2015.11.008
10.1007/S12088-015-0558-0
10.1016/J.MIB.2013.06.014
10.1016/J.TIM.2018.12.010
10.4103/IJMR.IJMR_3514_20
10.4103/IJMM.IJMM_19_223
10.1093/CID/CIAA530
10.1021/acsinfecdis.0c00890
10.1038/NRD.2016.199
10.1016/J.TALANTA.2024.126709
10.1016/J.BIOS.2018.07.058
10.1016/J.TRAC.2020.116067
10.1016/J.MSSP.2021.106404
10.1016/J.BIOS.2016.04.063
10.17226/26350
10.1016/S1473-3099(17)30485-1
10.37201/req/s01.04.2021
10.1186/S12917-025-04800-1/PEER-REVIEW
10.1371/JOURNAL.PMED.1004265
10.1016/J.JGAR.2021.03.016
10.1016/J.JIPH.2021.12.008
10.4060/cc2289en
10.1016/J.IJANTIMICAG.2023.107014
10.1099/mgen.0.001308
10.3389/FMICB.2025.1513454/BIBTEX
10.3201/EID1202.050078
10.2471/BLT.11.088435
10.7759/CUREUS.26664
10.1038/s41598-023-32329-6
10.3390/ANTIBIOTICS8010007
10.1186/S13756-024-01369-6
10.1016/J.INFPIP.2019.100025
10.1007/BF03256649
10.1017/ASH.2023.171
10.7324/JAPS.2024.167162
10.1093/JACAMR/DLAE076
10.1101/2024.04.14.24305781
10.7196/SAMJ.2024.v114i9.2111
10.1093/JACAMR/DLAF031
10.1016/J.JIAC.2024.08.025
10.1093/JACAMR/DLAE218
10.1016/J.ONEHLT.2025.101081",,,False,
"41156628
9564457
15699079
32075901
40002620
35922526
39334980
9854054
40310414
25397673
28575366
28480285
35013351
25078910
39380728
25593751
31319825
31806539
32586347
34882256
33934275
30859358
35644352
30829670
38326753
25980353","10.3390/pathogens14101017
10.1086/513953
10.1164/rccm.200405-644ST
10.1128/JCM.02013-19
10.3390/diagnostics15040469
10.1038/s41598-022-15543-6
10.3390/antibiotics13090805
10.1128/JCM.37.1.1-7.1999
10.3390/diagnostics15081044
10.1371/journal.pone.0110566
10.1093/cid/cix101
10.1038/s41598-021-03741-7
10.1128/JCM.01028-14
10.3389/fcimb.2024.1426200
10.1186/s13613-014-0035-7
10.1186/s12890-019-0894-7
10.1016/j.jmii.2019.10.009
10.1186/s13054-020-03102-2
10.1007/s00508-021-01990-0
10.1007/s10096-021-04259-6
10.1007/s10096-019-03526-x
10.1016/j.ijid.2022.05.052
10.1213/ANE.0000000000004072
10.1186/s12879-024-09028-2
10.1016/j.cmi.2015.05.004",,,False,
"41153807
39771976
25921609
40244306
40225437
39842547
39017735
40301180
35249211
40327340
39641393
39066819
31656032
38797797
38367812
40281402
38289911
37265424
39680885
39541631
31978628
40148464
38965513
39408177
27765959
30617335
32346050
38273257
31501885
40241963
28481991
30617339
40592734
19072244
26246167
37682491
38968031
39854695
31965266
37588623
40567322
40115064
40416709
37160649
37862082
39369796
40305830
20978258
40036494
40055665
35326921
38448409
35351674
40533820
31128285
40379137
26947174
40235844
39757287
39458286
39906157
40286586
33676936
38636331
39803892
39233995
32328883
29435343
37054749
40674049
39852795
34310796
38908399
39386390
25680492
36040741
40292837
35337644
35200334
31162915
40415092
40001378
30943338
38124256
39671580
36107486
40499968
38265640
39970690
31537911
31022749
33323236
40529344
40613579","10.3390/biomedicines13102525
10.3390/vaccines12121314
10.1007/s10522-015-9578-8
10.1007/s40520-025-03021-8
10.7759/cureus.80442
10.1007/174_2024_558
10.1016/j.cmi.2025.01.009
10.1007/s40520-024-02808-5
10.1007/s40520-025-03050-3
10.1007/s40520-022-02094-z
10.1001/jamanetworkopen.2025.8867
10.1002/cam4.70426
10.1007/s40520-024-02798-4
10.1007/s40520-019-01375-4
10.1007/s40520-024-02772-0
10.1016/j.arr.2024.102237
10.1186/s12875-025-02836-8
10.1093/gerona/glad279
10.1002/14651858.CD014885.pub2
10.1002/widm.1485
10.2196/60794
10.48550/arXiv.2507.14912
10.1016/j.gerinurse.2024.10.078
10.4103/jiag.jiag_67_24
10.1016/j.psychres.2019.112732
10.1038/s41598-025-95604-8
10.1186/s12889-024-19096-3
10.3390/healthcare12191996
10.1109/JPROC.2015.2501978
10.1038/s41591-018-0316-z
10.48550/arXiv.1711.05225
10.1038/s41598-020-62922-y
10.1186/s12874-023-02138-6
10.1093/bioinformatics/btz682
10.3389/fpubh.2025.1547450
10.1093/bib/bbx044
10.1016/j.inffus.2017.10.006
10.1038/s41591-018-0300-7
10.1136/bmjment-2025-301733
10.1086/595683
10.1126/scitranslmed.aab3719
10.1108/TECHS-12-2021-0029
10.1007/s40520-023-02552-2
10.3233/THC-240087
10.2196/56155
10.1007/s00134-019-05872-y
10.1016/j.eclinm.2023.102124
10.5005/jp-journals-10071-24986
10.21037/atm-24-150
10.2147/JIR.S502837
10.1007/s40520-023-02409-8
10.2196/47346
10.1016/j.arr.2024.102529
10.2196/67437
10.1001/jama.2010.1553
10.2196/66699
10.1186/s12911-025-02953-5
10.3390/healthcare10030443
10.1021/acsphotonics.0c00841
10.1038/s41467-024-46211-0
10.1016/j.jgar.2022.03.019
10.1186/s12967-025-06488-1
10.1016/j.cmi.2019.05.013
10.1016/j.idnow.2025.105090
10.1016/j.artmed.2016.02.001
10.1007/s13205-025-04282-w
10.1007/s10096-024-05027-y
10.3390/microorganisms12101978
10.1016/j.csbj.2025.01.006
10.1016/j.sajce.2024.12.005
10.1016/j.artmed.2025.103137
10.1016/j.jhin.2021.02.025
10.1016/j.compbiomed.2024.108469
10.2196/58509
10.46234/ccdcw2024.192
10.1007/s11517-020-02165-1
10.1136/bmjresp-2017-000234
10.3390/electronics11050673
10.1016/j.jamda.2023.03.005
10.1001/jamanetworkopen.2025.21785
10.3390/vaccines13010016
10.1111/acem.14357
10.1016/j.jamda.2024.105080
10.3389/fdgth.2024.1441334
10.1016/j.cnur.2014.10.010
10.1001/jamanetworkopen.2022.29067
10.3390/s25061735
10.1016/S2589-7500(21)00276-4
10.3390/bios12020073
10.1038/s41598-025-03332-w
10.3390/antibiotics14020134
10.1056/NEJMra1814259
10.1093/ageing/afad219
10.2196/63710
10.2196/38144
10.1136/bmjopen-2024-096669
10.7416/ai.2024.2597
10.1016/j.cmpb.2025.108653
10.1038/s41591-019-0609-x
10.1055/s-0039-1677902
10.1016/S2589-7500(19)30002-0
10.2147/IJGM.S516247
10.17305/bb.2025.12378",,,False,
"41153590
10768680
23439909
36757700
35940256
36717794
25314315
32371515
3802833
26343745
31563865
35726560
35923647
35346092
25404720
30046262
33945977
35226640
18450878
35720875
29561517
10103291
15367471
17525793
36698438
33553470
32111379
35340401
39781291
36984521
38273404
36269007
27139059
35616940
31056213
31376791
26837096
10835085
33592672
30311779
32836139
19552819
20100746
18644547
35972815
32152042
10657332
28258074
17313667
25287670
19755891
35944719
34274307
38314853
21886439
12837880
35570192
21945244
15364504
21226576
28002709
34790591
31609128
37389554
20711085
39058308
26620979
32936884
23997759
15684116
15024439
11159657
15997003
24276262
15930204
24324680
39950050
16322146
37195689
17846935
32854621
25948496
12456901
11576009
12049821
29189611
24967325
30173983
21844828
16893856
12949278
12374355
15231925
16968847
20599127
22760531
21226577
29308427
18765405
29720156
34934881
16645499
17671053
37159334","10.3390/children12101408
10.1001/archpedi.154.4.395
10.1542/peds.2012-3488
10.1093/ofid/ofad500.1486
10.1001/jamanetworkopen.2022.53806
10.1016/j.ajic.2022.07.027
10.1186/s12889-023-14982-8
10.1371/journal.pmed.1001744
10.1136/bmjopen-2019-035343
10.1016/0197-2456(86)90046-2
10.1016/j.cct.2015.09.002
10.1136/ebmental-2019-300117
10.1542/peds.2021-055613
10.1017/ash.2021.230
10.1186/s12879-022-07275-9
10.1542/peds.2014-1781
10.1177/1179556518784300
10.1016/j.ajem.2021.04.030
10.1097/PEC.0000000000002525
10.1111/acem.14718
10.1542/peds.2007-2278
10.1097/pq9.0000000000000553
10.1097/INF.0000000000001976
10.1542/peds.103.4.711
10.1093/fampra/cmh505
10.1371/journal.pctr.0020025
10.1097/pq9.0000000000000625
10.1093/ofid/ofaa439.1529
10.1016/j.jpeds.2020.01.045
10.1017/ash.2021.242
10.1017/ash.2024.469
10.3390/medicina59030520
10.1186/s13052-024-01588-y
10.1002/pds.5554
10.1001/jama.2016.4151
10.1001/jamanetworkopen.2022.14153
10.1016/j.ajic.2019.03.025
10.1016/j.ijporl.2019.109616
10.1542/peds.105.6.e72
10.1111/jpc.15389
10.1177/0009922818806312
10.1016/j.ijporl.2020.110282
10.1186/1471-2431-9-41
10.1542/peds.2009-1115
10.1016/j.ambp.2008.02.005
10.1177/01945998221119156
10.3399/bjgp20X708821
10.1136/bmj.320.7231.350
10.1542/peds.2016-3086
10.1186/1465-9921-8-12
10.1111/1475-6773.12240
10.1097/PEC.0b013e3181b91ff0
10.1016/j.jpeds.2022.07.053
10.1016/j.jpeds.2021.07.016
10.1093/jpids/piae010
10.1093/pch/15.7.e14
10.1542/peds.112.1.143
10.1016/j.anpedi.2021.01.007
10.1016/j.ijporl.2011.08.015
10.1016/j.ijporl.2004.05.005
10.1056/NEJMoa0912254
10.1056/NEJMoa1606043
10.3389/fcimb.2021.768377
10.1177/0009922819879462
10.1093/fampra/cmad069
10.1097/INF.0b013e3181f253d5
10.1093/jpids/piae073
10.1186/s12887-015-0516-3
10.1093/cid/ciaa1404
10.1155/2013/327515
10.1503/cmaj.1040771
10.1177/000992280404300205
10.1136/bmj.322.7282.336
10.1001/archpedi.159.7.679
10.1001/jamapediatrics.2013.3924
10.1542/peds.2004-1665
10.1371/journal.pone.0081210
10.1016/j.jpedcp.2024.200122
10.1542/peds.2005-0486
10.1097/PEC.0000000000002977
10.1080/02813430701267405
10.1186/s12875-020-01248-0
10.1186/s13052-015-0144-4
10.1542/peds.110.6.1064
10.1001/archpedi.155.10.1137
10.1016/S0165-5876(02)00073-3
10.1097/INF.0000000000001837
10.5402/2013/587452
10.1016/j.ijporl.2018.06.036
10.1097/INF.0b013e31822e6637
10.2165/00044011-200222050-00004
10.1177/0009922806290567
10.1542/peds.112.3.527
10.1080/00365540210147651
10.1542/peds.114.1.177
10.1001/jama.296.10.1235
10.1016/j.ijporl.2010.05.017
10.1097/INF.0b013e318266af2c
10.1056/NEJMoa1007174
10.1177/2333794X17749668
10.1093/pubmed/fdn072
10.1186/s12913-018-3139-1
10.1097/pq9.0000000000000501
10.1097/01.inf.0000214961.90326.d0
10.1542/peds.2006-3601
10.1097/PEC.0000000000002954",,,False,
"41151781
38636536
25439025
28905978
37187160
30943571
38268340
32047862
23572483
21676939
25249765
18065412",10.1055/a-2706-3092,,,False,
"41150663
25903492
33508662
26603922
34006022
26242647
25650306
25684036
34545788
28874351
27549404
35356415
29921172
33816582
31169902
26899935
35737670
28261580
34109232
36378661
32734048
25755000
37683022
34396120
25430661
30111750
33886626
33621709
38161968
36027681
38781693
37776605
33585602
31553776
17430959
29590400
34617017
29996848
22709390
33330678
28616464","10.1371/journal.pone.0335184
10.1111/zph.12193
10.1016/j.prevetmed.2021.105261
10.1016/S0140-6736(15)00473-0
10.1136/bmjopen-2020-041418
10.1016/j.prevetmed.2015.01.010
10.1016/j.prevetmed.2015.01.018
10.21825/vdt.v87i4.16066
10.4236/ojas.2022.123034
10.3201/eid2710.210076
10.1136/bmj.j3544
10.1017/S1751731116001828
10.3389/fvets.2021.558973
10.1016/j.worlddev.2019.104611
10.3389/fvets.2021.584593
10.1093/jac/dkz233
10.3402/iee.v6.30978
10.1371/journal.ppat.1010537
10.3389/fpubh.2017.00020
10.3389/fvets.2021.646458
10.1371/journal.pone.0277487
10.1016/j.vas.2018.04.001
10.1371/journal.pone.0290296
10.3389/fsufs.2021.784500
10.1111/zph.12165
10.3390/antibiotics7030075
10.1371/journal.pone.0250082
10.1016/j.prevetmed.2021.105292
10.1093/jacamr/dlad146
10.1016/j.prevetmed.2022.105731
10.24072/pcjournal.512
10.3138/cjpe.230
10.1016/j.prevetmed.2024.106226
10.1016/j.prevetmed.2023.106025
10.3389/fvets.2020.612993
10.1371/journal.pone.0223115
10.3168/jds.2006-607
10.1093/jac/dky100
10.1093/jacamr/dlab150
10.20870/productions-animales.2022.35.4.7340
10.1111/1746-692x.12445
10.1186/s12961-018-0337-6
10.1111/j.1468-0009.2012.00665.x
10.3389/fvets.2020.532763
10.1016/j.envsci.2019.08.017
10.1080/17535069.2019.1576216
10.1007/s13520-021-00128-9
10.3917/set.035.0090
10.1016/j.onehlt.2015.09.001",,,False,
"41150395
37848972
17565379
28668674
15745226
26162970
37521530
28376821
33918580
25855554
27938685
31896589
38932221
39714179
37780850
30054232
22107092
33292620
24792436
36726139
39872536
33809420
33465137
24137010
26958717
37101205
37609059
36669013
32485982
39299011","10.3390/vaccines13101007
10.1186/s40813-023-00342-w
10.1371/journal.pone.0000526
10.1016/j.ijantimicag.2017.05.020
10.1016/j.vetmic.2015.06.015
10.1186/s44280-023-00002-2
10.1186/s12985-017-0735-3
10.3390/vaccines9040362
10.1128/CVI.00001-15
10.1016/j.vetmic.2016.11.007
10.1128/JVI.01813-19
10.3390/v16060929
10.1128/mbio.02350-24
10.3389/fcimb.2023.1258321
10.1016/j.tibs.2018.06.011
10.1080/03079457.2011.618822
10.1186/s40813-020-00177-9
10.1016/j.bcp.2014.04.015
10.1186/s12917-023-03571-x
10.3389/fimmu.2024.1506371
10.3390/vetsci8030047
10.1371/journal.ppat.1009226
10.1093/nar/gkt916
10.1146/annurev-virology-031413-085507
10.1186/s12985-023-02043-w
10.3389/fvets.2023.1242146
10.3390/vetsci10010012
10.3390/pathogens9060427
10.1016/j.vetmic.2024.110243",,,False,
"41150359
27127400
26229350
31200888
29169340
36011917
36231554
18038077
37166803
25632996
37465105
36551481
34223086
34572704
28712667
38273333
39032834","10.3390/tropicalmed10100282
10.4314/wajpdr.v18i1.14718
10.4103/0976-500X.179352
10.4103/0975-7406.160008
10.1016/S2214-109X(19)30071-3
10.22159/ajpcr.2017.v10i8.19468
10.1186/s12889-017-4910-7
10.3390/ijerph191610286
10.3390/ijerph191912260
10.2471/BLT.07.045120
10.1001/jamanetworkopen.2023.12996
10.1017/ice.2014.41
10.1093/jacamr/dlad084
10.3390/antibiotics11121824
10.1093/jacamr/dlab008
10.3390/antibiotics10091122
10.1016/j.cmi.2017.07.010
10.1186/s13756-024-01365-w
10.1016/j.ajic.2024.07.007",,,False,
"41150080
38797176
38331529
38262139
40338404
38800841
36978354
36605768
30895209
40093312
7376378
33960495
33509339
40135877
39435404
36185800
35271460","10.3390/vetsci12100940
10.1016/S0140-6736(24)00876-6
10.1016/S2542-5196(23)00278-4
10.2460/ajvr.23.12.0294
10.1007/s11259-025-10752-6
10.1089/vbz.2023.0167
10.3390/antibiotics12030487
10.3389/fvets.2022.1068406
10.1093/ofid/ofy346
10.12688/wellcomeopenres.21010.4
10.1136/vr.106.12.260
10.1002/vetr.477
10.2807/1560-7917.ES.2021.26.4.2001359
10.1128/aac.01657-24
10.3389/fpubh.2024.1411962
10.2460/JAVMA.21.09.0431",,,False,
"41148741
32061315
21993585
30876618
32076027
23627545
26343252
31659373
12407632
27636769
36548670
30876619
31342772
23600755
28499421
23466906
24457540
23301534
30051232
33277995
10620546
34987258
18565979
35903523
30458917
33045256
25291579
31900590
38234415
28576453
36289278
27184209
38146447
38342438
37157014
36895801
38988305
33130270
34923128
27832047
34772891
21221000
25881576
25153537
31628999
29619141
27112143
25900170
31566346
30253815
33781993
27919275","10.3390/antibiotics14101049
10.1016/S0140-6736(20)30045-3
10.1038/ki.2011.368
10.1053/j.ackd.2018.09.003
10.1038/s41598-020-59794-7
10.1111/sdi.12094
10.1179/2047773215Y.0000000030
10.1007/s00239-019-09914-3
10.1053/ajkd.2002.36332
10.1097/MNH.0000000000000281
10.3390/tropicalmed7120415
10.1053/j.ackd.2018.10.006
10.1177/1060028019865873
10.1111/sdi.12090
10.1186/s12882-017-0575-9
10.1177/875512250201800303
10.1086/669869
10.1177/875512251302900403
10.1177/0897190013519679
10.1111/j.2042-7174.2012.00226.x
10.1007/s11096-018-0697-6
10.1093/cid/ciaa1801
10.1016/S0272-6386(00)70303-9
10.4212/cjhp.v75i1.3250
10.1093/ndt/gfn343
10.1016/j.jsps.2022.05.005
10.2807/1560-7917.ES.23.46.1800393
10.1053/j.ajkd.2020.08.011
10.1001/jama.2014.12923
10.1007/s00431-019-03560-z
10.1017/ash.2023.525
10.1016/j.jhin.2017.05.018
10.1038/s41598-022-21979-7
10.1016/j.ajic.2016.03.034
10.1016/j.cmi.2024.02.003
10.1007/s40615-023-01610-9
10.1016/j.eclinm.2023.101871
10.1016/j.cmi.2021.11.025
10.15585/mmwr.rr6506a1
10.1097/FTD.0000000000000941
10.1097/CCM.0b013e318206c3b2
10.1186/s13054-015-0818-8
10.1016/j.ejim.2014.08.001
10.1016/j.jgar.2019.10.007
10.18549/PharmPract.2018.01.1152
10.1186/s12941-016-0143-3
10.1093/cid/civ308
10.1017/ice.2018.237
10.1136/bmj.n160
10.1186/s13643-016-0384-4",,,False,
"41148740
30455342
349127
38296778
24366992
30640366
27066927
27126036
27126035
27383983
28369594
29182785
35212478
33975363
37396069
33649090
29514161
31278210
29139318
31569094
30932898
29455368
31678929
30692615
34508024
29275925
28981079
32140666
31851052
34275466
29599112
30833294
36009958
35419326
21088663
22547779
6694025","10.3390/antibiotics14101048
10.1542/peds.2018-2894
10.1016/S0022-3476(78)80623-4
10.1542/pir.2023-006154
10.1542/peds.2013-1689
10.1001/jamapediatrics.2018.4826
10.1016/s1553-7250(16)42030-1
10.1542/neo.16-5-e297
10.1126/science.aad9378
10.1126/science.aad9382
10.1038/nature18849
10.1093/jac/dkx088
10.1093/jac/dkx426
10.1002/mbo3.1260
10.1055/s-0041-1729560
10.2147/IDR.S415590
10.1542/neo.22-3-e177
10.1159/000487298
10.1542/peds.2018-3464
10.1177/1062860617741437
10.1097/ANC.0000000000000668
10.3233/NPM-180075
10.1007/s00431-018-3113-2
10.1136/archdischild-2019-317047
10.1038/s41372-019-0316-y
10.1097/INF.0000000000003342
10.1016/j.jpeds.2017.11.045
10.1038/jp.2017.137
10.1016/j.eclinm.2019.11.020
10.1097/MOP.0000000000000864
10.1186/s13052-021-01107-3
10.1542/peds.2017-2056
10.1542/hpeds.2018-0201
10.3390/antibiotics11081089
10.4102/sajid.v32i4.37
10.3389/fped.2022.847827
10.1542/peds.2012-0541
10.34297/ajbsr.2022.16.002207
10.1542/neo.17-10-e579
10.1016/S0022-3476(84)81011-2",,,False,
"41148730
36101788
28178770
29962311
37614960
33571265
30764777
28524255
28385463
25439025
23572483
21602488
27139474
34301332
40070317
24200831
37616423
26643196
34601148
39406042
33271843
38320516
33813115
25813839
16235325
39659641
39295113
17872937
31078660
18929686","10.3390/antibiotics14101039
10.1183/23120541.00113-2022
10.1002/14651858.CD003543.pub4
10.1177/0300060518782519
10.1093/jacamr/dlad100
10.1371/journal.pone.0246782
10.1186/s12875-019-0917-8
10.1111/ijcp.12959
10.1016/j.ajic.2017.03.003
10.1111/ijcp.12538
10.1093/cid/cit212
10.1177/0272989X11406985
10.1128/AAC.00209-16
10.1186/s13690-021-00624-1
10.1002/bcp.70011
10.1093/cid/cit578
10.3109/02813432.2015.1114348
10.1016/j.cmi.2021.09.025
10.1016/j.diagmicrobio.2024.116541
10.3390/antibiotics9120859
10.1056/EVIDtt2300234
10.1016/j.cmi.2021.03.030
10.1586/14787210.2015.1025057
10.1002/14651858.cd003539.pub2
10.1093/jacamr/dlae192
10.1093/fampra/cmae047
10.1093/intqhc/mzm042
10.1016/j.jbi.2019.103208
10.1016/j.jbi.2008.08.010
10.1191/1478088706qp063oa",,,False,
"41148702
38648808
27540009
27080992
27522002
25584443
22711728
31697335
29625170
23307521
28178770
34407815
33144204
37516892
27077229
25632996
39099133
27927866
30126585
29878220
33239122
28031432
35168711
36843619
35040920
37226686
32525203
26747104
28604925
27139059
33372120
23757082
33741048
24581294","10.3390/antibiotics14101011
10.1016/S2352-4642(24)00048-8
10.1126/science.aaf9286
10.1093/cid/ciw118
10.1016/j.ijid.2016.08.002
10.1097/INF.0000000000000621
10.1542/peds.2011-2879
10.1093/jac/dkz474
10.1016/j.cmi.2018.03.033
10.1002/j.1875-9114.2012.01155.x
10.1002/14651858.CD003543.pub4
10.1016/j.im.2003.11.002
10.1186/s12912-021-00661-9
10.1016/j.cmi.2020.10.027
10.1186/s13756-023-01279-z
10.1080/14787210.2016.1178064
10.1017/ice.2014.41
10.1002/jhm.13470
10.1093/cid/ciw787
10.1016/j.mcna.2018.05.008
10.1093/jac/dky119
10.1017/ice.2020.1267
10.1128/JCM.02264-16
10.1016/j.idc.2021.11.003
10.7573/dic.2022-9-5
10.1001/jamapediatrics.2021.5547
10.1542/peds.2022-060097
10.1093/jpids/piaa055
10.1093/jac/dkv418
10.1001/jamainternmed.2017.1938
10.1001/jama.2016.4151
10.1542/peds.2020-040295
10.1001/jama.2013.6287
10.1186/s13012-021-01096-1
10.1016/j.jclinepi.2013.12.002
10.7275/pdz9-th90",,,False,
"41148701
35065702
28963240
28111568
40462252
20619184
21358927
21197200
31681801
27999667
33682667
39335076
38396598
29375825
20003651
32451033
38666998
39109351
25217407
25595229
39867600
12011407
38779502
36060481
25818224
28888626
34277758
34975167
26253265
36977243
25582794
30062979
22999133
22999134
39935643
35453238
7840100
35655189
39918326
20947196
36891283
30457908
28380515
37261614
34832016
37688889
36195961
37235449
20619191
15086084
34805342
32081117
21886650
29408026
29981701
38053814
40431502
38456288
15109345
33240256
39799717
36791107
28739600","10.3390/antibiotics14101009
10.1016/S0140-6736(21)02724-0
10.1126/science.aao1495
10.3389/fmicb.2016.02114
10.1186/s13643-025-02829-9
10.1016/j.cvfa.2010.03.005
10.3389/fvets.2019.00329
10.1186/s40104-016-0127-3
10.1017/S146625232000016X
10.3390/antibiotics13090903
10.3390/ani14040627
10.1186/s13756-017-0294-9
10.1017/S1466252309990193
10.1016/j.cvfa.2020.03.004
10.3390/antibiotics13040322
10.3389/fvets.2024.1416436
10.1016/j.prevetmed.2014.08.013
10.1016/j.jval.2014.12.001
10.3389/fvets.2024.1466986
10.1073/pnas.082080899
10.1016/j.ecolmodel.2006.04.023
10.18564/jasss.4259
10.3389/fmicb.2024.1386319
10.1111/jvim.12547
10.21423/bovine-vol51no2p165-173
10.1016/j.vetmic.2017.07.013
10.3389/fvets.2021.692646
10.21423/aabppro20197208
10.1016/j.cvfa.2015.06.001
10.3390/vetsci10030204
10.21423/aabppro20207968
10.1016/j.tvjl.2014.12.009
10.1017/S0950268818002091
10.1016/j.jval.2012.04.014
10.1016/j.jval.2012.04.012
10.3389/fmicb.2025.1497402
10.3390/antibiotics11040487
10.1093/oxfordjournals.aje.a117428
10.1186/s12917-022-03269-6
10.1128/aem.01909-24
10.1016/j.prevetmed.2010.09.003
10.2903/j.efsa.2023.7867
10.2460/ajvr.79.12.1277
10.2527/jas.2016.1110
10.1007/s43678-023-00514-1
10.3390/ijerph182212262
10.1016/j.prevetmed.2023.106009
10.1186/s13567-022-01094-1
10.3390/vetsci10050366
10.1016/j.cvfa.2010.04.004
10.1111/j.1751-0813.2003.tb13367.x
10.3389/fvets.2021.764701
10.1017/S1466252320000031
10.21423/bovine-vol48no2p103-108
10.1016/j.vetmic.2017.12.015
10.1016/j.vetmic.2018.06.005
10.3389/fvets.2023.1256997
10.3390/vetsci12050409
10.1177/10406387241235968
10.1111/j.1525-1497.2004.30091.x
10.3389/fmicb.2020.606438
10.1016/j.vetmic.2025.110372
10.1073/pnas.2219827120
10.1534/g3.117.1137",,,False,
"41148697
33380815
35065702
24252483
28472416
39115964
30955516
26172429
23774884
19017892
17620533
29209590
24464277
34389761
21126917
39840911
38770211
28566096
19841152
30101412
34923488
36642650
36670011
36141534","10.3390/antibiotics14101006
10.1016/s1473-3099(13)70318-9
10.1093/cid/cix411
10.1056/NEJMoa1500245
10.1136/thoraxjnl-2013-203384
10.1186/s41479-017-0041-2
10.1136/bmj.f7450
10.1038/s41598-021-95852-4
10.1016/S1473-3099(10)70258-9
10.1128/aac.01426-24
10.1093/ofid/ofae219
10.1017/ice.2017.83
10.1128/AAC.01041-09
10.1002/phar.2171
10.1159/000520644
10.1016/j.medcli.2022.10.015
10.1016/j.medin.2022.12.002
10.3390/ijerph191811262",,,False,
"41148676
35065702
26603922
32938614
25747410
17446241
31873263
26507098
31150071
34943671
30895206
16902573
27575599
29136646
32436349
35959211
35348880
35089952
35415610
38887900
36992717
26573236
36846632
30045731
33593725
34593508
29102353
23213162
29150419
23673882
32134603
31668170
31049404
36028271
33409205
32273313
3068205
17244132
34827283
31174524
26429566","10.3390/antibiotics14100984
10.1016/S0140-6736(21)02724-0
10.1016/S0140-6736(15)00473-0
10.1136/bmjgh-2020-003393
10.1093/cid/civ076
10.1093/jac/dkm090
10.1038/s41415-019-1002-3
10.1111/cdoe.12199
10.1001/jamanetworkopen.2019.3909
10.3390/antibiotics10121459
10.1093/ofid/ofz067
10.1038/sj.bdj.4813879
10.1371/journal.pmed.1002115
10.1371/journal.pone.0188061
10.1111/bcp.14373
10.1093/ofid/ofac361
10.1007/s00784-022-04453-6
10.1371/journal.pone.0262731
10.1093/jacamr/dlac039
10.1111/cdoe.12989
10.1016/j.ssmph.2023.101378
10.1136/jech-2015-205952
10.1016/j.worlddev.2022.105889
10.1186/s12961-018-0344-7
10.1136/bmj.n166
10.1136/bmj.n2061
10.1016/S2214-109X(17)30383-2
10.1377/hlthaff.2011.1356
10.1136/bmj.j5147
10.1097/QAI.0b013e3182920286
10.1016/j.adaj.2019.08.020
10.3399/bjgpopen18X101617
10.1136/bmjopen-2021-060304
10.1136/bmjopen-2019-033516
10.18332/pht/189989
10.1177/109019818801500401
10.1111/j.1600-0528.2007.00348.x
10.3390/antibiotics10111345
10.1186/s12909-019-1623-x
10.1093/jac/dkv336",,,False,
"41148671
39415207
24808684
35065702
28193274
21255446
28372353
35030191
35120562
36224500
37998815
31444097
38448060
32131711
26307265
18318875
17363360
38074735","10.3390/antibiotics14100979
10.1186/s12992-024-01046-8
10.4103/0976-0105.128253
10.1016/S0140-6736(21)02724-0
10.1186/s12913-017-2072-z
10.1186/1478-4491-9-3
10.3961/jpmph.16.089
10.1371/journal.pone.0261917
10.1186/s13756-022-01062-6
10.1007/s10123-022-00278-1
10.3390/antibiotics12111613
10.1016/j.ajic.2019.07.011
10.1136/bmjopen-2022-071504
10.1080/16549716.2020.1735126
10.1186/s12913-015-1012-z
10.1111/j.1469-0691.2008.01959.x
10.1093/her/cym008
10.3389/fpubh.2023.1287523
10.1111/jora.12042",,,False,
"41148669
28843578
30243584
30925191
30518278
20203464
21683553
39766502
33402841
32326918
32516001
39871298
24976987
39956726
17342644
12039881
32867122
31736751
40727100
31136931
27587317
39013596
30646892
19216676
16079372
12218770
15772145
36671271
33016143
36160164
31553776
24604085
31501016
23660489
29685459
34680728","10.3390/antibiotics14100977
10.1016/S1473-3099(18)30310-4
10.1093/cid/ciz017
10.1080/17476348.2019.1555040
10.3810/pgm.2010.03.2130
10.1016/j.ijantimicag.2011.02.017
10.3390/antibiotics13121112
10.2147/IDR.S290835
10.1186/s12889-019-6779-0
10.1080/14787210.2020.1769477
10.1186/s13104-024-07030-0
10.1016/j.sapharm.2025.01.015
10.1086/512193
10.1093/jac/dkf046
10.3390/antibiotics9090546
10.3389/fphar.2019.01237
10.3389/fphar.2025.1627858
10.1016/j.rmed.2019.05.006
10.1016/j.jaip.2016.03.007
10.1136/bmjqs-2024-017283
10.1186/s12889-019-6409-x
10.1089/pop.2008.0031
10.1056/NEJMra050100
10.1097/00005650-200209000-00009
10.1093/jac/dki066
10.3390/antibiotics12010070
10.1177/1359105320962267
10.5530/jyp.2020.12.67
10.3389/fmed.2022.962657
10.1371/journal.pone.0223115
10.1007/s40266-014-0163-7
10.1016/j.sapharm.2019.09.003
10.1016/j.crohns.2013.04.001
10.1016/j.sapharm.2018.04.011
10.3390/antibiotics10101147",,,False,
"41148668
39415207
35065702
39816255
38476862
37175597
25060972
40001376
35616940
37628504
35694248
26852795
37038124
35745632
37467239
38166736
40426545
39415487
40325130
38927144
36309348
38105789
35912421
40462148
10585974
25220798
37206057
39882210
40080812
33741531
26582868
38247629
36830137
33622432
28712667
37189584
37372411
40470160
32948060
31189642
39305917","10.3390/antibiotics14100976
10.1186/s12992-024-01046-8
10.1016/S0140-6736(21)02724-0
10.3389/frabi.2024.1439688
10.1155/2024/9958678
10.3390/ijms24097892
10.1099/jmm.0.074039-0
10.1001/jamanetworkopen.2022.14153
10.3390/healthcare11162307
10.3389/fphar.2022.890398
10.3399/bjgp16X683821
10.1186/s12875-023-02047-z
10.3390/ph15060713
10.1371/journal.pone.0288480
10.1186/s12875-023-02223-1
10.3390/antibiotics14050479
10.1111/jep.14173
10.1038/s41598-025-99642-0
10.3390/antibiotics13060477
10.21873/invivo.13019
10.3389/fped.2023.1289256
10.3238/arztebl.m2022.0275
10.1186/s13049-025-01415-1
10.1542/peds.104.6.1251
10.1016/j.anpede.2015.05.009
10.1177/20499361231169429
10.3389/fped.2024.1546387
10.2196/60831
10.1016/j.acap.2021.03.008
10.1093/jpids/piu086
10.3390/antibiotics13010070
10.3390/antibiotics12020224
10.1017/ice.2021.21
10.1016/j.cmi.2017.07.010
10.3390/diagnostics13081483
10.3390/genes14061231
10.2147/JMDH.S512254
10.3390/antibiotics9090610
10.1016/S2214-109X(24)00382-6",,,False,
"41148662
38960209
38842523
38423135
35017063
24357220
36824226
34222901
30423035
34158156
31056690
29878218
25538169
35227827
35187565
40433448
29050864
25022891
36736828
39035018
40426518
40374011
23572486
15227610
18408239
36865701
38178876
31429872
28776441
27695822
31417928
34588251
35439822
28989188","10.3390/antibiotics14100971
10.1016/j.ijantimicag.2024.107263
10.1093/jac/dkae177
10.1016/j.jhin.2024.02.006
10.1016/j.cmi.2021.12.020
10.1093/cid/cit920
10.1093/jacamr/dlad019
10.1093/jacamr/dlz026
10.1093/cid/ciy745
10.1016/j.idnow.2020.12.001
10.1093/cid/ciz362
10.1093/jac/dky117
10.1093/jac/dku517
10.1016/j.ijantimicag.2022.106559
10.1093/jac/dkac047
10.1093/jacamr/dlaf075
10.1016/j.medmal.2017.09.008
10.1016/j.medmal.2014.05.001
10.1016/j.idnow.2023.104670
10.1093/jacamr/dlae111
10.3390/antibiotics14050451
10.1016/j.idnow.2025.105088
10.1093/cid/cit211
10.1086/420939
10.1093/jac/dkn152
10.1017/ash.2022.330
10.1017/ash.2023.526
10.1093/ofid/ofz363
10.1080/14737167.2017.1360767
10.1001/jamainternmed.2016.5974
10.12998/wjcc.v7.i14.1825
10.1136/bmjopen-2021-049733
10.1093/cid/ciac298
10.1007/s11577-017-0454-1
10.1177/1098214005283748",,,False,
"41148659
20857804
23327981
10580626
35731268
6386263
23057476
28467526
24799638
28427474
33957917
28993891
31017647
11821511
21653301
20517290
18662118
10219875
22455271
28723736
19561486
19995312","10.3390/antibiotics14100968
10.2146/ajhp120568
10.1086/501577
10.1017/ice.2020.497
10.1007/s00268-022-06621-x
10.1111/j.1445-2197.2012.06143.x
10.1001/jamasurg.2017.0904
10.1086/676022
10.1186/s13104-017-2475-2
10.1186/s12891-021-04290-w
10.1007/s00132-017-3486-3
10.1001/jamasurg.2019.0569
10.1056/NEJMcp011603
10.1093/cid/cir301
10.1038/nrneph.2010.71
10.1586/14787210.6.4.523
10.1086/501620
10.1097/MD.0000000000006903
10.1097/SLA.0b013e3181ad5fca
10.3109/17453670903316868",,,False,
"41146018
37732777
32616058
34722357
37342434
32187986
36551500
34534985
38047635
40078603
35119565
32139767
33519215
30447062
34537748
34910885
28638412
34848977
32178340
32044643
33454215
33632111
32884309
28892887
34092858
31456054
29313864
31338161",10.1186/s12866-025-04422-5,,https://bmcmicrobiol.biomedcentral.com/counter/pdf/10.1186/s12866-025-04422-5,True,Unpaywall
"41145199
35929641
35065702
33789754
38008421
31157116
26603922
34222945
28893183
15207010
34641903
38362471
36872455
21465929
31881071
32408900
27429495
36604393
33318116
20021682
36651403
38661290
34104272
28458801
30178033
26704633
33588842
33142711
32669092
36830154
34879697
36290076
39159269
27567604
34416911
16168785
38457130
38582533
30115074
28178770
33072690","10.1136/bmjgh-2025-020257
10.1093/jac/dkac255
10.1016/S0140-6736(21)02724-0
10.1186/s13756-021-00931-w
10.1093/jac/dkad291
10.1057/s41599-019-0263-4
10.1016/S0140-6736(15)00473-0
10.1186/s12879-017-2713-1
10.1186/1478-4491-2-7
10.1186/s12961-021-00748-4
10.4314/ejhs.v33i1.1S
10.1071/PY22052
10.1079/9781845937454.0000
10.1371/journal.pone.0226831
10.1186/s12961-020-00561-5
10.2471/BLT.15.164020
10.1007/s10900-022-01183-4
10.1136/bmjopen-2020-040350
10.1186/1478-4491-7-87
10.1590/1413-81232023282.12222022en
10.1111/jan.16195
10.1177/1715163521999417
10.1101/2020.08.27.20181826
10.4081/idr.2017.6917
10.7326/M18-0850
10.1016/j.puhe.2015.10.012
10.1186/s12913-021-06122-y
10.3390/antibiotics9110764
10.1186/s12913-020-05512-y
10.3390/antibiotics12020243
10.4102/phcfm.v13i1.3107
10.3390/antibiotics11101418
10.1371/journal.pmed.1004416
10.1186/s40545-021-00361-4
10.1001/jamahealthforum.2024.0034
10.1136/bmjopen-2023-079776
10.1186/s12960-018-0304-x
10.1186/s12960-017-0206-z
10.1002/14651858.CD003543.pub4
10.3389/fpubh.2020.493904
10.2471/B09",,,False,
41144232,10.1080/14787210.2025.2579205,,,False,
"41143081
31908502
39843968
39539168
37506486
11990958
38032877
37009876
33802546
29090094
39439009
29796266
11392867
28459929
38089462
28250915
29189034
36309746
1556661
30333781
35094640
26078017
38863168
24503904
28257511
27094145
39529732
33127790
29476032
31758595
39816662","10.1093/jacamr/dlaf181
10.2147/IDR.S234610
10.1038/s44259-024-00031-w
10.1002/vetr.4799
10.1016/j.socscimed.2023.116109
10.2460/javma.2002.220.1144
10.1016/j.jrurstud.2021.07.020
10.1371/journal.pone.0294733
10.1186/s13620-023-00236-x
10.3390/antibiotics10030253
10.1186/s13690-017-0232-6
10.1186/s43058-024-00662-0
10.1177/2050312118773261
10.1037/0003-066X.55.1.68
10.1001/jamainternmed.2017.0946
10.1093/jacamr/dlad131
10.1186/s13620-017-0085-x
10.1037/ccp0000260
10.1186/s13012-022-01245-0
10.1037/0022-3514.62.2.292
10.3389/fpsyg.2018.01879
10.1080/17437199.2021.2023608
10.12968/vetn.2011.2.7.408
10.1017/ice.2015.136
10.1002/vetr.4070
10.3138/jvme.0713-095R2
10.1371/journal.pone.0171380
10.1016/j.prevetmed.2016.03.008
10.1093/jacamr/dlae177
10.1136/vr.m4135
10.1136/vr.104701
10.1002/gsj.1456
10.1111/bcp.14184
10.3389/frabi.2023.1233698",,,False,
"41142666
21146207
18538699
19446918
16722874
29452941
33489616
28515903
34430227
31799007
28874347
29346620
29643217
31604207
22265340
33789754
40571954
38598612
33484528
34764659
29306587
34710362
39881456
40949784
32497086
35189952
34200116
34972026
26029375
12702698
10821154
2319282
26962123
26693005
24091422
10213583
31282277
32505875
8737438
16874650
38198157
15525377
8171350
2690414",10.1016/j.sipas.2025.100315,,,False,
"41142507
37823894
30706119
36298515
37691049
38330995
38395062
38382142
38966853
24499035
28970157
34669733
37366804
31023851
30689983
31840552
29226070
24461668
24684125
36584969
38633223
28941632
30840181
38136712
25909312
27098057
36242006
33411181
36434539
26112266
34754231
30700295
26937222
37998466
36177456
23960796
24809678
28002979
27394401",10.1016/j.rcsop.2025.100669,,,False,
"41141885
28515903
39104891
31334140
40657033
24049221
36702634
39850331
29417002
37887197
39156376
39103907",10.7759/cureus.95204,,https://www.cureus.com/articles/417150-awareness-of-antibiotic-resistance-among-medical-professionals-in-kerala-india-a-cross-sectional-study.pdf,True,Unpaywall
"41141168
30297009
35804401
26362293
33012387
28539060
32424172
35039180
33144202
37887223
39029872
32918445
33602365
38996086",10.7759/cureus.93058,,https://www.cureus.com/articles/414652-emerging-role-of-emergency-physicians-in-antimicrobial-stewardship.pdf,True,Unpaywall
"41141052
31903081
38553145
7613432
22507742
20702597
33664071
11127263
22715989
33338100
35360053
38004175
22424328
33671180
38946112
22946146
37299517
32257437
35192186
37813343
39329889
34679364
17823694
36384749
37738114
36993989
29655200
36990472
38743526
32092442
38632617
38201831
34420412
38913239
25287859
32894587
26869575
28683464
34218837
27174304
23283157
27609592
25769497
40361075
33845672
40416068",10.7759/cureus.93168,,https://www.cureus.com/articles/401275-from-womb-to-tomb-a-life-course-perspective-on-the-origins-of-non-communicable-diseases.pdf,True,Unpaywall
"41141034
15041111
29287519
17267681
18468779
27317986
18005206
34009175
23410943
20733951
15780568
37088456
31489242
31866215",10.7759/cureus.93060,,https://www.cureus.com/articles/408551-optimizing-rigid-cystoscopy-and-biopsy-requests-for-red-patches-after-flexible-cystoscopy-a-twocycle-quality-improvement-audit.pdf,True,Unpaywall
41140110,10.4274/tjod.galenos.2025.29938,,https://tjoddergisi.org/pdf/c2f7718d-0796-4c18-a6d4-3c339e748b23/articles/tjod.galenos.2025.29938/3-2025.29938.pdf,True,Unpaywall
41138520,10.1016/j.aucc.2025.101450,,https://www.australiancriticalcare.com/article/S1036-7314(25)00280-2/pdf,True,Unpaywall
41138064,10.1111/tid.70118,,,False,
"41138041
38224705
36747091
38257971
19673972
37686529
31261360
20636126
20876174
23277386
12913767
28919789
29699503
15995032
19403503
22898389
25403672
28294077
31568253
30376118
22123667
30766084
27588344
25722302
40928154
40549889
38917027
19663826
30285738
25309150
36505943
21720921
33554094
29948621
25495311
34169961
34784303
30121343
33482749
28827495
34238976
34421413
32662383
36102734
31954101
35752831
37891136
37381887
37935333
32522527
32756879
37257114
27567122
35134165
25066382
27080992
36622029
34632385
38633221
35980210
30518306
26323589
33057605
23522377
28750920
35873300","10.1007/s11046-025-01011-y
10.1016/S1473-3099(23)00692-8
10.1038/s41579-023-00861-x
10.3390/microorganisms12010145
10.1111/j.1469-0691.2009.02909.x
10.3390/cancers15133529
10.1097/INF.0000000000002394
10.1093/jpids/pix046
10.3389/fmed.2024.1386161
10.1086/655698
10.3233/PIC-14108
10.1542/peds.2009-3412
10.1055/s-0032-1329688
10.1097/01.inf.0000078159.53132.40
10.3390/jof2010005
10.7573/dic.2023-9-2
10.2147/IDR.S124918
10.1186/s12879-018-3100-2
10.1542/peds.2004-1605
10.1542/peds.2008-2055
10.1093/jpids/piy009
10.1016/j.jinf.2012.08.003
10.1128/AAC.04109-14
10.1017/ice.2017.40
10.1097/INF.0000000000002463
10.1093/jac/dky389
10.1097/QCO.0b013e32834e0680
10.1080/21505594.2016.1226721
10.1016/j.cmi.2015.01.013
10.1093/jac/dkv040
10.1093/jpids/piaf081
10.1097/MPH.0000000000003070
10.1097/INF.0000000000004445
10.1111/j.1365-2141.2009.07844.x
10.1182/blood.V120.21.4278.4278
10.1186/s12879-018-3410-4
10.5863/1551-6776-19.3.196
10.1017/ash.2022.338
10.1007/s10096-011-1315-x
10.1016/j.eclinm.2021.100727
10.1007/s40121-018-0203-4
10.5694/mja13.00154
10.1093/mmy/myab037
10.1097/INF.0000000000003402
10.1016/j.jgar.2018.08.007
10.1186/s12879-021-05774-9
10.1097/INF.0000000000001746
10.1038/s41598-021-93421-3
10.5863/1551-6776-26.6.624
10.1017/ice.2020.306
10.1097/INF.0000000000003704
10.1016/j.jinf.2020.01.002
10.1186/s13052-022-01306-6
10.1016/j.anpede.2023.09.012
10.1017/ice.2023.129
10.1016/j.jgar.2023.10.017
10.1016/j.jpeds.2020.06.008
10.1093/infdis/jiaa394
10.1097/INF.0000000000003967
10.1093/cid/ciw592
10.1093/cid/ciab928
10.1016/j.eimc.2014.04.016
10.1093/cid/ciw118
10.1097/FTD.0000000000001067
10.1093/jacamr/dlab111
10.1093/jacamr/dlae058
10.1111/tid.13928
10.1177/1078155218816779
10.2217/fmb.15.99
10.1093/jac/dkaa409
10.1186/1748-5908-8-35
10.1016/j.cmi.2017.07.017
10.1093/ofid/ofac234",,,False,
"41132513
27139059
28833324
38111752
36521460
39758875
20674804
29251007
29059253
33277647
31011589
23796742
22438350
38182052
34551959
39528865
20696723
39441195
23439909
37590862
34421482
34212177
26215335
31102924
39549427
30195553
24872879
34086034
37261612
27809865
31142607",10.1093/ofid/ofaf519,,,False,
"41132365
37444780
25436105
26231758
35065702
31666056
39512391
35740140
38853267
32932630
36303594
36451647
36755779
31834401
24555709
30828445","10.1093/jacamr/dlaf195
10.3390/healthcare11131946
10.1177/2042098614554919
10.1186/s12889-015-2109-3
10.1016/S0140-6736(21)02724-0
10.1186/s12889-019-7796-8
10.1021/envhealth.4c00094
10.3390/antibiotics11060733
10.21037/jphe-23-184
10.1186/s13756-024-01417-1
10.3390/antibiotics9090597
10.2147/PPA.S384671
10.59049/2790-0231.10.1.2264
10.30574/ijsra.2024.13.2.2377
10.1155/2023/2294048
10.1093/jac/dkz348
10.1186/2050-6511-15-6
10.1186/s13756-019-0487-2",,,False,
"41130744
16048717
36311485
35065702
38134946
39299261
30180122
29744044
30126581
34082726
33446266
36035318
36226225
37887198
31628999
36945072
31145043
34862299
34031643
36211649
38509874
32134502
31489183
37291375
32945697
28480231
34485504
34620152
30312654
30462700
21659004
26242647","10.1136/bmjgh-2025-019151
10.1016/S1473-3099(05)70189-4
10.1155/2022/3639943
10.1016/S0140-6736(21)02724-0
10.1016/S2214-109X(23)00539-9
10.1016/S0140-6736(24)01867-1
10.1097/PHH.0000000000000861
10.5812/ijpbs.10242
10.1186/s13756-018-0351-z
10.1016/j.mcna.2018.05.009
10.1186/s12889-021-11163-3
10.1186/s13756-020-00880-w
10.1093/jacamr/dlac062
10.1093/jacamr/dlac107
10.3390/antibiotics12101497
10.1016/j.jgar.2019.10.007
10.1186/s40545-023-00555-y
10.1080/1120009X.2019.1622293
10.1136/bmjopen-2021-054736
10.1155/2020/5917378
10.3389/fpubh.2022.880774
10.1016/j.heliyon.2024.e27564
10.1111/biom.13249
10.7189/jogh.09.020412
10.1007/s12325-023-02547-5
10.1080/14787210.2021.1826307
10.1093/ofid/ofw225
10.4102/sajid.v36i1.262
10.1186/s12889-021-11885-4
10.1016/j.ijantimicag.2018.09.022
10.1371/journal.pone.0207465
10.1016/S1473-3099(11)70054-8
10.1080/23120053.2016.1192808",,,False,
"41129266
35837538
37916103
36226225
33834048
34313091
34639365
37561762
38476215
36579287
37546378
37351025
31732498
39052061
36976501","10.7189/jogh.15.04294
10.2147/IDR.S342753
10.1016/j.heliyon.2023.e21166
10.1093/jacamr/dlac107
10.3389/fvets.2021.645851
10.4081/jphr.2021.2276
10.3390/ijerph181910062
10.1371/journal.pone.0289711
10.2147/VMRR.S443043
10.7759/cureus.31857
10.1155/2023/8774634
10.1080/23120053.2015.1107290
10.5455/njppp.2023.13.01011202312012023
10.4103/ijpvm.ijpvm_200_22
10.1136/bmjebm-2019-111264
10.1007/s00210-024-03318-x
10.1007/s40266-023-01019-3",,,False,
"41127627
33712334
30932867
34119013
37974043
31781084
30177008
15663840
33635946
34096963
32932606
39610468
32497812
38624661
33195602
10484749
23623390
34931177
36560762
32992090
31331788
38288141
24769673
24306550
19486496
31618930
33445633
32164206
36985156
35658858
38274182
39062032
39127124
32293832
14738798
32053148
23916331
39897158
39603058
25502503
26872858
19323614
30609070
25562117
33257099
37771708
12637075
29035743
9990716
30428852
32093098
28597303
32684938
28435190
36230040
38089962
29559960
39856919
35130286
27503629
21083815
30917589
36102785
28587172
35814688
36978422
26648928
22704064
30787690
26422606
21733246
39867836
39640770
36341073
34479136
30981652
31547260
31921068
34673316
31411133
31373221
34066587
36304831
37418185
36868045
40370425
29567094
27999066
40134079
35761632
26772408
25370194
34222945
36978390","10.1016/j.onehlt.2025.101228
10.1016/j.tim.2021.02.007
10.2196/11477
10.1016/S2542-5196(21)00112-1
10.4178/epih.e2023097
10.46784/E-AVM.V17I1.361
10.3389/fmicb.2019.02618
10.1016/S2542-5196(18)30186-4
10.5367/OA.2011.0056
10.3201/eid1012.040707
10.1016/j.foodcont.2009.05.011
10.4315/JFP-20-406
10.1590/1678-4685-GMB-2020-0355
10.3390/microorganisms8091405
10.3390/su141912806
10.1177/2632010X241300679
10.1016/j.ijid.2020.05.091
10.1007/s42398-021-00165-x
10.3389/fvets.2020.582743
10.1007/s10460-019-09987-2
10.1177/0276146799192004
10.1006/viro.1999.9820
10.1016/S0140-6736(13)60903-4
10.1016/j.coesh.2021.100310
10.3390/v14122756
10.1016/j.socscimed.2020.113358
10.1016/j.ijheh.2019.07.007
10.3389/fvets.2024.1340548
10.3390/su14020589
10.1371/journal.pone.0095430
10.1007/s10393-013-0885-8
10.56557/upjoz/2024/v45i33898
10.1111/j.1863-2378.2008.01222.x
10.3390/pathogens8040191
10.22034/jzd.2022.14378
10.3390/antibiotics10010068
10.3390/pathogens9030202
10.3390/microorganisms11030583
10.3390/microbiolres14010011
10.1080/01652176.2022.2086718
10.1007/s10068-023-01406-x
10.21608/ejabf.2024.378875
10.1093/fqsafe/fyac013
10.3390/biomedicines12071457
10.3201/eid3009.240135
10.3906/sag-2004-127
10.1016/S0140-6736(03)15329-9
10.1093/ajcp/aqaa029
10.1179/2047773213Y.0000000103
10.3389/fvets.2024.1513123
10.1016/j.jiph.2024.102591
10.1152/ajplung.00354.2014
10.1093/bmb/ldw005
10.1089/vbz.2008.0167
10.1002/jmv.25390
10.1016/j.coviro.2014.12.007
10.1016/j.ijfoodmicro.2020.108986
10.3389/fmicb.2023.1239079
10.1016/S1386-6532(02)00268-8
10.1016/j.coviro.2017.09.004
10.4314/sokjvs.v16i2.8
10.1146/annurev.ento.44.1.51
10.1101/2025.03.24.25324509
10.30918/irjmms.81.20.013
10.1186/s12879-018-3470-5
10.3390/ijerph17041346
10.1007/s00203-017-1393-y
10.1155/2020/4674235
10.14202/vetworld.2017.286-292
10.2903/j.efsa.2008.765
10.3390/foods11192966
10.2147/IDR.S428837
10.3389/FMICB.2018.00362/BIBTEX
10.3390/foods14020253
10.1371/JOURNAL.PONE.0254465
10.1016/J.SCITOTENV.2016.06.208
10.1111/j.1863-2378.2010.01360.x
10.3390/tropicalmed4010054
10.1021/ACS.EST.2C00799
10.3390/md15060158
10.3389/fmicb.2022.928509
10.3390/antibiotics12030555
10.3389/fmicb.2015.01356
10.1016/j.ijfoodmicro.2012.05.021
10.4103/1658-631x.170883
10.2903/j.efsa.2013.3025
10.1371/journal.pone.0138173
10.1017/S0950268811001038
10.1002/FSN3.4723
10.1093/sumbio/qvae017
10.1016/j.heliyon.2024.e39294
10.14202/vetworld.2022.2293-2301
10.1016/j.envint.2021.106836
10.1016/j.jiph.2019.03.017
10.3390/microorganisms7090344
10.3389/fmicb.2019.02892
10.1016/j.envint.2021.106927
10.2807/1560-7917.ES.2019.24.32.1900149
10.2217/fmb-2019-0053
10.3390/antibiotics10050539
10.2903/j.efsa.2022.7586
10.1007/s11356-023-28532-7
10.1016/j.ijfoodmicro.2023.110148
10.1016/j.onehlt.2025.101053
10.1016/j.gfs.2019.100325
10.1016/j.ijantimicag.2018.03.010
10.20546/ijcmas.2018.708.004
10.1093/jac/dkw481
10.3390/agriculture12020289
10.3349/YMJ.2024.0108
10.1016/j.foodres.2022.111376
10.1146/annurev-food-041715-033251
10.1071/MA24020
10.1016/j.cofs.2022.100882
10.3390/life4020217
10.1093/jacamr/dlz072
10.5455/jabet.2023.d161
10.3390/antibiotics12030523",,,False,
"41127443
17938926
21069685
16702102
32188500
36529742
35013943
33997746
29153975
35691326
30605229
24323983
36229765
26947617
36443758
16235360
27080992
24323982
21193475
35189833
39074685
36900403
38312218
35568028
36071095
33185290
34673022
29020166","10.1093/jacamr/dlaf191
10.1007/s00277-007-0390-7
10.1002/14651858.CD005197.pub3
10.1080/13693780500395225
10.1186/s13054-020-2766-1
10.1186/s13756-022-01198-5
10.1007/s15010-021-01753-z
10.1016/j.eclinm.2021.100855
10.1016/S2352-3026(17)30211-9
10.1016/S2352-3026(22)00145-4
10.1002/14651858.CD012184.pub2
10.3324/haematol.2013.091025
10.1007/s40121-022-00700-1
10.1016/S1473-3099(16)00065-7
10.1186/s12941-022-00544-0
10.1002/14651858.CD004386.pub3
10.1093/cid/ciw118
10.3324/haematol.2013.091769
10.1093/jac/dkq494
10.1186/s12879-022-07154-3
10.1016/j.jtct.2024.07.020
10.3390/cancers15051611
10.1093/ofid/ofad644
10.1016/j.chom.2022.04.013
10.1038/s41598-022-19374-3
10.1111/myc.13211
10.1016/j.chest.2021.08.081
10.1093/cid/cix692",,,False,
"41127176
31191076
28989448
31179281
30197696
34222940
29403295
27994621
38939359
37134062
36582301
36798105
31022197
25436105
36101578
26901404
12861082
30025154
30360517
16142656
11777803
37066121
32841415
35453222","10.1017/ash.2025.10158
10.1093/jacamr/dlz066",,,False,
"41127175
30555853
36386007
38836045",10.1017/ash.2025.10188,,https://www.cambridge.org/core/services/aop-cambridge-core/content/view/CFBE7A481A70DC03E6C3AFFE1E75636D/S2732494X25101885a.pdf/div-class-title-antimicrobial-stewardship-support-for-regional-hospitals-in-japan-common-challenges-and-practical-strategies-for-implementation-including-the-need-for-implementation-science-div.pdf,True,Unpaywall
"41127156
35065702
37155660
40570300
36757700
27080992
28095785
33428999
31075400
35062153
29514221
30281178
28748196
17923655
29237045
37325680
34799064
38089458
25286067
36716763",10.1017/ash.2025.10185,,https://www.cambridge.org/core/services/aop-cambridge-core/content/view/D302E2A2306A1A1C912593612B04CFA9/S2732494X2510185Xa.pdf/div-class-title-the-relationship-of-prescriber-training-level-to-restricted-antibiotic-prescribing-appropriateness-at-a-tertiary-academic-hospital-a-retrospective-study-div.pdf,True,Unpaywall
"41127153
31441676
18280509
7689440
12781017
34876123
15127367
10722430
11565067
30895288
22337843
34106900
24621035
36004311
24731220
29572691
24936597
26122624
26011139
36419331
10688075
33358884
19021604
15182413
27832047
25632996
38782210",10.1017/ash.2025.10175,,https://www.cambridge.org/core/services/aop-cambridge-core/content/view/8422B782A8FCF6C1ECE5ED809DB07E33/S2732494X25101757a.pdf/div-class-title-impact-of-a-multimodal-antimicrobial-stewardship-intervention-on-fluoroquinolone-usage-for-antimicrobial-prophylaxis-before-urologic-procedures-in-a-veterans-affairs-outpatient-clinic-div.pdf,True,Unpaywall
"41127150
30210143
29641617
34971358
30817026
40232941
37508288
25521847
25521846
33399190
32008696","10.1017/ash.2025.10189
10.1016/j.glohj.2023.02.002
10.1177/0018578718775330
10.1007/s40267-019-00688-8
10.1371/journal.pone.0195434
10.1093/cid/ciab1061
10.1111/ctr.13512
10.1111/ctr.70147
10.3390/antibiotics12071192
10.1002/phar.1506
10.1002/phar.1515
10.1093/ajhp/zxaa393
10.1016/j.idc.2019.10.008",,,False,
"41126946
35223703
38241304
33483376
37289666
33917430
31366110
30244075
32404435
37564739
21793988
33882891
30568908
33444334
31851629
25116658
23838774
32053299
39593003
31863394
34845873
28484498
33807654",10.1016/j.nmni.2025.101644,,,False,
"41126285
39475213
38837863
39383346
39143259
37637457
35816304
28881550
39034788
29212389
39085799
35054002
34013867
32568052
30341022
39097794
38453960
36937963
39429852
39587746
36435821
40165275",10.1186/s13052-025-02137-x,,https://ijponline.biomedcentral.com/counter/pdf/10.1186/s13052-025-02137-x,True,Unpaywall
"41126165
28005689
22315006
31198277
38029225
40432944
28045921
28989482
29258474
25346034
36035414
33916497
21511081
24330862
39516574
38434604
36588039
18614147
28779832
27556624
39877071
24947530
26115414",10.1186/s12887-025-06240-0,,https://bmcpediatr.biomedcentral.com/counter/pdf/10.1186/s12887-025-06240-0,True,Unpaywall
"41126089
32884305
35600711
34630834
38107874
31690162
39238436
37325582
29921472
31649820
39056089
28465825
27933228
26400706
25114935
27545670
34157817
39964200","10.1186/s12879-025-11826-1
10.1002/JPER.240693",,,False,
"41125745
31659373
35740232
40516754
39299261
27977095
39304235
36751708
18313558
38605378
21131101
34223122
35202600
34793762
39532190
37728054
25467650
37978984
39387792",10.1038/s41598-025-20893-y,,https://www.nature.com/articles/s41598-025-20893-y.pdf,True,Unpaywall
41122080,10.1002/vms3.70493,,https://onlinelibrary.wiley.com/doi/pdfdirect/10.1002/vms3.70493,True,Unpaywall
"41121325
24225609
23327981
27452782
21292089
27088649
2014978
16156323
23532470
26486124
26625452
27856730
20478934
39299261
35093104
37723589
29279297
27402662
36303219
25355087
24129806
37194084
20180826
32885184
33832549
10185141
27424171
17173212
29475440
28379408
26279013
33741048
25662947
23327981
20228636
24041563
28321988
20011184
32252848
39434072
28851459
36476376
38059532",10.1186/s13012-025-01455-2,,https://implementationscience.biomedcentral.com/counter/pdf/10.1186/s13012-025-01455-2,True,Unpaywall
"41117869
3760435
3116848
11422634
24477218
10394981
24461240
30458913
29318570
25514874
35697352
29910137
39284176
35361162
34303417
36743529
17872937
34785096
23221918
25526794
10968724
20345826
33418151
39306088
29367314","10.1007/s41999-025-01330-9
10.2903/j.efa.2021.6712
10.1016/j.jamda.2012.04.004
10.1080/23744235.2022.2076903
10.1016/j.gerinurse.2023.06.012
10.1111/j.1532-5415.1986.tb04301.x
10.1016/0002-9343(87)90761-3
10.1046/j.1525-1497.2001.016006376.x
10.2147/CIA.S46058
10.1080/14787210.2025.2456860
10.1016/S0924-8579(99)00028-X
10.7861/clinmedicine.11-1-80
10.1016/j.jamda.2013.11.009
10.2807/1560-7917.ES.2018.23.46.1800394
10.1111/jgs.15179
10.1186/1471-2318-14-136
10.1093/ageing/afac134
10.1016/j.jamda.2018.05.001
10.2196/60099
10.1186/s12877-022-02977-w
10.1016/S1473-3099(21)00001-3
10.1093/jacamr/dlad008
10.1093/intqhc/mzm042
10.1016/j.socscimed.2021.114523
10.1177/1403494812465030
10.1177/1715163521989756
10.1136/bmjopen-2014-006442
10.1086/501798
10.1111/j.1365-2702.2009.03185.x
10.1016/j.ijlp.2020.101649
10.1016/j.cmi.2024.08.020
10.1136/ebmed-2017-110886",,,False,
"41116766
23711078
34508079
28587172
31426792
32645443
35613518
33383622
33917678
38987775
29254712
31487911
19236483
29967597
32312964
32726706
31978098
31553776
34896577
10966404
25561382
33860010
30094087","10.1155/vmi/2042800
10.19080/aibm.2019.14.555904
10.1111/1462-2920.12134
10.5539/jfr.v7n6p129
10.1038/s41467-021-25655-8
10.1590/1808-1657000362019
10.3390/md15060158
10.1186/s12889-019-7450-5
10.1016/j.jgar.2020.06.021
10.1016/j.prevetmed.2022.105668
10.1016/j.ejar.2018.06.006
10.3390/antibiotics10010020
10.3390/antibiotics10040402
10.5829/idosi.wjfms.2013.05.03.71214
10.21767/2472-1093.100036
10.1186/s12917-024-04158-w
10.1016/j.prevetmed.2017.08.023
10.3390/ani9090653
10.1080/03067310500273682
10.1111/j.1574-6968.2009.01512.x
10.3389/fmicb.2018.01284
10.1080/00207233.2020.1804741
10.1038/s41467-020-15735-6
10.1016/j.prevetmed.2020.105087
10.1371/journal.pone.0220274
10.1007/s10811-020-02352-5
10.1371/journal.pone.0223115
10.1101/2025.04.07.647520v1
10.1111/raq.12344
10.1016/j.colsurfa.2012.10.060
10.1016/j.ijantimicag.2021.106495
10.1128/aem.66.9.3883-3890.2000
10.1007/s10393-014-1006-z
10.5455/javar.2021.h482
10.1186/s40985-018-0099-2
10.1111/raq.12688",,,False,
"41116208
34308303
35676084
21508958
28144631
35744749
32209719
23202435
36545774
37709081
30279518
36963394
38436673
37467722
38437854
36951545
32483366
38423349
21700674
30001516
38168616
37378156
33255894
36268225
38097774
30326954
31587061
34995526
37573077
24574789
38858807
35850197
38788722
32441482
33525961
21903629
31828987
35906422
30700431
32835590
22349170
32181280
29321166
35678985
27059115
31014995
31812509
34889924
36253620
19188353
25105360
21702898
31182859
37292154
34804005
37184203
36653448
35299254
31492538
36232509
34950604
36720630
36041791","10.1631/jzus.B2400330
10.1016/j.eclinm.2021.100884
10.1136/gutjnl-2022-327724
10.1038/nature09944
10.1128/mSystems.00164-16
10.3390/microorganisms10061231
10.1128/mSystems.00857-19
10.1038/nmeth.2276
10.1542/peds.2022-058037
10.1016/j.scitotenv.2023.167034
10.1038/s41385-018-0085-5
10.1016/j.cmet.2023.03.003
10.1080/19490976.2024.2323231
10.1016/j.xcrm.2023.101124
10.1016/s0140-6736(23)02586-2
10.1080/19490976.2023.2192478
10.1038/s41587-020-0548-6
10.1016/j.cgh.2024.02.010
10.1093/bioinformatics/btr381
10.1016/j.chom.2018.06.005
10.1038/s41564-023-01559-9
10.7759/cureus.39466
10.3390/jpm10040243
10.3389/fcimb.2022.1015890
10.1038/s41575-023-00864-2
10.1186/s40168-018-0567-4
10.1093/ibd/izz225
10.1053/j.gastro.2021.12.282
10.1016/s0140-6736(23)00966-2
10.3748/wjg.v20.i5.1127
10.1111/1751-7915.14480
10.1053/j.gastro.2022.07.004
10.1016/j.chom.2024.04.020
10.1111/1751-2980.12909
10.1080/19490976.2021.1875796
10.1093/bioinformatics/btr507
10.23736/s0026-4806.19.06389-4
10.1038/s41579-022-00768-z
10.1128/cmr.00060-18
10.1080/19490976.2020.1802866
10.1038/nrgastro.2012.14
10.1016/j.gendis.2019.10.003
10.1136/gutjnl-2017-314352
10.1007/s11626-022-00691-w
10.1111/1462-2920.13316
10.1053/j.gastro.2019.04.016
10.1053/j.gastro.2019.11.294
10.1039/D1FO03131G
10.1038/s42255-022-00649-y
10.1128/iai.00814-08
10.1172/jci72334
10.1186/gb-2011-12-6-r60
10.1038/s41592-019-0431-x
10.3389/fphar.2023.1205323
10.3389/fimmu.2021.700995
10.1080/19490976.2023.2206505
10.1038/s41586-022-05620-1
10.1093/ecco-jcc/jjac043
10.1016/j.tim.2019.07.010
10.3390/ijms231911210
10.3389/fcimb.2021.711884
10.1136/gutjnl-2022-328970
10.1681/asn.2022020189",,,False,
41115339,10.1016/j.ecoenv.2025.119241,,,False,
41115031,,,,False,
"41113203
32819723
33854486
34068272
12462576
28485263
33642806
31867349
18348709
29387833
20587122
29601469
24131666
33348801
24860564
40229689",10.14202/vetworld.2025.2839-2849,,https://veterinaryworld.org/Vol.18/September-2025/23.pdf,True,Unpaywall
"41111836
34285113
39696454
22944552
10917215
27495137
24755844
39100952
30354904
24252483
21659004
37324137
20212299
30879040
27364671
29278616
29059253
37505928",10.7759/cureus.92646,,https://www.cureus.com/articles/400178-role-of-point-of-care-c-reactive-protein-testing-on-antibiotic-prescription-in-febrile-children-a-randomized-controlled-trial.pdf,True,Unpaywall
"41111801
31908502
26706614
21477389
26405662
37183105
25772389
22965026
32152041
31430365
31038162
33958962
34930732
33118891
9475915",10.7759/cureus.92540,,https://www.cureus.com/articles/409507-adherence-to-nice-guidelines-and-centor-criteria-in-acute-sore-throat-management-an-audit-cycle.pdf,True,Unpaywall
"41111768
17566539
30631169
29338872
37331373
36387685
26379384
21854618
39763304
39057127
33574535",10.7759/cureus.92486,,https://www.cureus.com/articles/400281-a-pioneering-study-assessing-knowledge-and-awareness-of-sickle-cell-disease-and-its-association-with-oral-health-among-pediatric-and-general-dentists-in-madhya-pradesh-india.pdf,True,Unpaywall
41109411,10.1016/j.ijid.2025.108116,,https://www.ijidonline.com/article/S1201-9712(25)00338-8/pdf,True,Unpaywall
"41107853
26104204
39933422
40001452
38255071
36483503
39491033
33031094
30279155
30478101
28629876
27080992
34460904
35057649
34222701
32008699
36609329
39816255
39517335
33332905",10.1186/s12913-025-13556-1,,https://bmchealthservres.biomedcentral.com/counter/pdf/10.1186/s12913-025-13556-1,True,Unpaywall
"41107407
39415207
37909431
38089962
33402841
33171743
32669092
36465587
31080686
40486980
30326870
34768017
36210768
34861894
34258373
37550647
39209504
39807160
28637486
29152233
35281573
30379961
40475120
39894520
40324828
38720390
31286948
31334147
40118465
38618843
34200116","10.1038/s41598-025-20558-w
10.2147/IDR.S428837
10.2147/IDR.S290835
10.2147/IDR.S349358",,,False,
"41105617
34877512
39299261
28515903
35876080
34283434
30805182
36757700
27246783
39816403
33766135
38912506
38263235
38241406
32505875
26164481
33782057
30107788
17163895
21195583
31378384","10.1371/journal.pone.0334758
10.1016/j.eclinm.2021.101221
10.1016/S0140-6736(24)01867-1
10.1186/s13756-017-0208-x
10.1080/14740338.2022.2106368
10.1016/j.glmedi.2024.100081
10.1186/s13756-019-0471-0
10.1001/jamanetworkopen.2022.53806
10.1128/AAC.00825-16
10.3389/frabi.2022.1047565
10.1186/s13756-021-00929-4
10.1016/j.heliyon.2024.e32663
10.1186/s13756-024-01369-6
10.1371/journal.pone.0297472
10.1016/j.ijid.2020.05.126
10.1016/S1473-3099(15)00149-8
10.1136/bmj.n71
10.1186/s12874-018-0545-3
10.1111/j.1524-475X.2004.04006.x
10.1016/j.jclinepi.2010.04.026
10.1016/j.medin.2019.06.008",,,False,
41104524,10.1177/10962964251389902,,,False,
"41103853
22777341
22885331
21304297
22290281
31386199
32525625
24430164
38578433
25859123
28178770
7594392
20543652
24025320
29454479
39029872
36150662
31035663",10.7759/cureus.92378,,https://www.cureus.com/articles/410244-antibiotic-prescription-for-acute-diverticulitis-evaluation-of-compliance-with-national-guidelines.pdf,True,Unpaywall
"41103368
35568946
32957845
15833747
38588630
32971872
39749002
34610830
38518450
16251469
28052000
24078164
31050706
35055149
20105190
20173020
25932241
15853826
18075846
23430572
17464341
33028618
24523571
28706957
23239822
22622332
19615750
24819959
26074922
32155866
33025148
34753497
34310032
15803198
35984008
29608730
40894809
40784899","10.3389/fcvm.2025.1629294
10.1186/s12933-022-01516-6
10.1080/10520295.2020.1823480
10.1074/jbc.M406921200
10.1016/j.intimp.2024.112018
10.3390/medicina56090484
10.2147/jir.S496419
10.1186/s12933-021-01393-5
10.1016/j.dsx.2024.102987
10.1101/gr.4413105
10.18632/oncotarget.14353
10.1007/s11033-013-2745-6
10.1210/er.2018-00141
10.3390/ijms23020963
10.1111/j.1365-2265.2010.03771.x
10.1210/jc.2009-0656
10.1111/j.1365-2265.2005.02260.x
10.1080/09513590701666571
10.1055/s-0032-1333231
10.1139/o06-207
10.4049/jimmunol.2000778
10.1155/2014/413921
10.1155/2017/8193932
10.1096/fj.12-220509
10.1016/j.imbio.2012.04.001
10.1016/j.molimm.2009.06.007
10.1016/j.ajpath.2014.04.004
10.3389/fimmu.2015.00257
10.3390/ijms21051835
10.1007/s11883-020-00891-3
10.1186/s12933-021-01409-0
10.1002/alz.12413
10.1038/nrg1578
10.1111/evo.14597
10.1093/gbe/evy054
10.2147/DMSO.S534724
10.1186/s12933-025-02867-6",,,False,
"41102820
30409682
30409683
36244350
21220533
23821485
19246122
28961862
30475989
29100898
30234463
28629876
35644293
34348956
28178770
25467650
31161034
27832047
30904370
26323589
34426728
33524453
29576043
22342325
33271215
35202599
33869448
28750920
31434011
22310560
36925811
32807090
34187821
24289295
34689810
25923419
32192505
28179049
30962918
32070419
33115545
36309746
20957426
38992702
30427985
39639379
35601889
28851459
34274004
32089017
34040865
32315451
33787876
36713144
9333350
10591280
28069029
21899753
37090011
32811517
18789799",10.1186/s13063-025-09132-x,,https://trialsjournal.biomedcentral.com/counter/pdf/10.1186/s13063-025-09132-x,True,Unpaywall
"41102753
40082590
37749210
40001378
35740190
37627713
38331529
38123255
35497962
38855419
39088151
40379137
30178033
33038124
38356661
36978390
33536291
39545538
37563495
38927169
39843587
38723455
39292673
39088151
39819607
40235844
33139605
39413052
38704045
38519371
40240443
33585980
38254241
39122153
39788180
39061316
39070267
33608509
31419836
38792673
36978319
37336594
32673383
39236811
40027042
16514122
37563495
40001378
39165576
36848246
39777278
40241963
39305919
39554812
39444019
39512269",10.1186/s42522-025-00170-8,,https://onehealthoutlook.biomedcentral.com/counter/pdf/10.1186/s42522-025-00170-8,True,Unpaywall
"41102329
28031432
27139059
31942952
33851202
39117411
37916266
28012942
36716321
34768022
36043485
37956117
28904072
29273482
37239167
37201742
35487256
36900863
18021577
36353389
27486746
39314006
15258077
38092364
39535736
36900863
40033210",10.1038/s41598-025-20208-1,,https://www.nature.com/articles/s41598-025-20208-1.pdf,True,Unpaywall
"41102210
29509889
30117076
38833414
29182717
29229440
37018493
25585069
37129293
33332296
39374606
39718967
35198979
39363100
37883986
37595139
38821877
39256030
39577454
39060908
34818317
30585840
39122208
38476738
40036749
40099718
40280141
39374606
35287617
32732336
20393382
28560946
34910130
38684841
28558067
27861236
29087744
23965773
38739741
38950558
32027559
36598837
27414503
32004795
35876641
26859803
17005541
37146303
7873954
41102210",10.1038/s41467-025-64261-w,,https://www.nature.com/articles/s41467-025-64261-w.pdf,True,Unpaywall
41101393,10.1016/j.idnow.2025.105166,,,False,
41100370,10.25259/IJDVL_417_2025,,,False,
"41098342
27654605
11751763
23479660
28882725
38321479
33769250
26242647
23728148
24016770
29746647
25831072
20624097
25261543
29233427
30729642
21513547
26928009
25345519
27451416
21680584
22706960
28360541
25658523
25179615
26172347
33167763
33317495
24191307
31452846","10.1099/acmi.0.001030.v4
10.1001/jama.2016.11764
10.1093/jac/49.1.25
10.1136/bmj.f1493
10.1016/j.cmi.2017.08.026
10.1186/s12889-024-17766-w
10.2807/1560-7917.ES.2021.26.12.1900633
10.1093/cid/cit370
10.1016/j.medmal.2013.07.010
10.1093/jac/dky150
10.1371/journal.pone.0122476
10.1089/mdr.2010.0009
10.1093/cid/ciu537
10.1016/j.cptl.2017.03.021
10.1111/eje.12430
10.1186/1748-5908-6-42
10.1371/journal.pone.0150056
10.2807/1560-7917.es2014.19.41.20928
10.1093/pubmed/fdw059
10.1093/jac/dkr119
10.1007/s10198-012-0404-9
10.4018/979-8-3693-6482-6.ch005
10.1186/s40594-021-00270-7
10.2147/AMEP.S131851
10.1016/j.cmi.2014.11.015
10.1152/advan.00014.2014
10.3109/0142159X.2015.1060308
10.1080/0142159X.2020.1838465
10.1186/s12909-020-02433-6
10.1093/jac/dkt440
10.4314/mmj.v31i2.5",,,False,
"41095688
39922870
35066637
21349630
39997066
40142518
28008325
36182683
30224941
15831830
36632270
30717706
20539810
37111509
35154037
27986671
27712137
30895288
36837399
37511861
28753805
25853778
24570248
27692880
33375202
36644414
32064925
35463815
23967406
31536754
40310414
33782057
23427370
19056189
31042112
30834993
25006228
22278835
24371246
27844263
13534221
29955859
2915130
5768462
13282925
33431702
23089347
35536143
24224622
26962083
30797252
38040700
37593764
35764138
34937185
28356414
32445394
20518276
32388696
15629672
34633441
38088544
36625063
35426783
31888862
38721490
38772527
36093322
40778068
34282932
29472825
38978218
36882171
28790187
38825624
37839580
33087704
32830997
33777978
34223066
20973687
37004756
35439291
35340918
37369370
31715272
28457846
34463708
26238715
39220685
29513742","10.3390/diagnostics15192469
10.1038/s41598-025-89240-5
10.1007/s00345-021-03913-0
10.1016/j.ejogrb.2011.01.028
10.3390/diseases13020059
10.3390/microorganisms13030626
10.3389/fmicb.2016.01936
10.1016/j.xcrm.2022.100753
10.1155/2018/7624857
10.1128/CMR.18.2.417-422.2005
10.7759/cureus.32321
10.1186/s12877-019-1049-7
10.3238/arztebl.2010.0361
10.3390/pathogens12040623
10.1093/cid/ciw712
10.1080/00325481.2017.1246055
10.1093/cid/ciy1121
10.3390/medicina59020198
10.3390/life13071486
10.1016/j.euf.2016.11.001
10.1038/nrmicro3432
10.1001/jama.2014.303
10.1016/j.molmed.2016.09.003
10.3390/diagnostics11010007
10.1093/jacamr/dlac123
10.2217/fmb-2019-0262
10.3389/fcimb.2013.00041
10.1016/j.ijantimicag.2019.09.009
10.3390/diagnostics15081044
10.1136/bmj.n71
10.1016/j.vetmic.2008.10.019
10.1097/JU.0000000000000296
10.1007/s11908-019-0668-7
10.1128/mBio.01283-14
10.1128/JCM.05852-11
10.1128/JCM.02876-13
10.1007/s10096-016-2839-x
10.7326/0003-4819-48-5-1040
10.1093/cid/ciy381
10.1016/S0163-4453(89)93667-0
10.1136/bmj.2.5653.353
10.1016/0002-9343(56)90175-9
10.1128/IAI.00652-20
10.1097/JU.0000000000002756
10.1056/NEJMoa1302186
10.1128/JCM.00044-16
10.1016/j.clinmicnews.2018.05.001
10.1038/s41522-023-00457-6
10.3389/fcimb.2023.1210161
10.1016/j.ajog.2022.06.031
10.1128/spectrum.01861-21
10.1128/JCM.00027-17
10.1093/jalm/jfz013
10.1007/s10096-020-03919-3
10.1097/JU.0000000000003360.10
10.1016/j.jsgi.2004.07.007
10.1093/fampra/cmab118
10.1128/spectrum.03613-23
10.1017/ice.2022.315
10.5489/cuaj.7677
10.1016/j.jamda.2019.11.004
10.1017/ash.2024.71
10.1016/j.jamda.2024.105031
10.1016/j.euros.2022.08.009
10.3389/fruro.2023.1212590
10.1128/msystems.01371-20
10.4111/icu.20230369
10.4111/icu.20220357
10.1073/pnas.1708558114
10.1007/s10096-024-04862-3
10.1016/j.cmi.2023.10.005
10.1038/s41467-020-18902-x
10.1093/jacamr/dlac133.004
10.1089/mdr.2020.0128
10.3389/fmed.2021.635831
10.1093/jacamr/dlaa114
10.1592/phco.30.11.1136
10.1016/j.ijantimicag.2023.106800
10.1093/cid/ciac268
10.1155/2022/4251486
10.1093/infdis/jiad221
10.1016/j.urology.2019.10.018
10.1016/j.cmi.2017.04.004
10.1016/j.clinmicnews.2022.11.005
10.1093/cid/ciab749
10.1128/IAI.00745-15
10.1016/j.csbj.2024.07.018
10.1371/journal.pone.0194085",,,False,
41094731,10.1097/PEC.0000000000003499,,,False,
"41094492
37679292
31236328
37496026
28969398
36737764
27547960
30633151
15168274
28862979
28084021
34530908
38381953
38978494
21818162
37040111
31362898
20712859
26238958
19757444
11297888
20871802
12925624
38804445
25635243
27958393
38879239
12429294
27711086
22606389
31921330
30564282
29514033
19228540
29789865
21768906
28779832
36776812
33126879
38250213
28224127
30243707",10.1186/s12893-025-03242-8,,https://bmcsurg.biomedcentral.com/counter/pdf/10.1186/s12893-025-03242-8,True,Unpaywall
"41094486
33146552
33234861
36075255
15219010
28925473
33011203
28286600
33955840
35207716
32080330
33449558
36653905
38424557
34213593
32647719
21468200
27476827
26908772
26903338
27536089
38354578
17765528
34416341",10.1186/s12911-025-03220-3,,https://bmcmedinformdecismak.biomedcentral.com/counter/pdf/10.1186/s12911-025-03220-3,True,Unpaywall
41092802,10.1016/j.vaccine.2025.127848,,,False,
"41089845
32983137
29880301
33005701
28228491
33059201
34281254
22920732
29534630
30347749
39565030
34944538
25391481
23568836
33894131
39299261
38557703
36286098
34428079
35184972
35942707
34674791
37360943
34768832
38272050
34508886
23785037
37374990
24871213
29203493
37234074
35731853
24841135
34936936
36827671
28534213
24768475
32380707
35328933
29214175
25992746
29025194
35239902
34755594
37918395
37995859
36608652
37644902
31781835
29276051
27678085
38981497
27455166
35248167
36139928
35649354
30535100
39166877","10.3389/fphar.2025.1653424
10.3389/fimmu.2020.01986
10.1016/S1473-3099(18)30278-0
10.1093/ofid/ofaa389
10.1128/JCM.02245-16
10.1016/j.diagmicrobio.2020.115219
10.3390/ijms22137202
10.1016/j.coph.2012.08.001
10.1177/0885066618762747
10.3390/ijerph15102305
10.1056/NEJMoa2404991
10.3390/biom11121894
10.1126/scitranslmed.3009655
10.1101/gr.155465.113
10.1016/S1473-3099(20)30995-6
10.1016/S0140-6736(24)01867-1
10.1001/jama.2024.2759
10.1001/jama.2022.19709
10.1146/annurev-med-080219-122208
10.1016/j.tim.2022.01.013
10.1097/MCC.0000000000000967
10.1017/ice.2021.361
10.1016/j.jcm.2023.03.004
10.3390/ijms222111401
10.1016/S2213-2600(23)00418-6
10.1016/j.cmi.2021.09.001
10.1126/scitranslmed.3006276
10.3390/microorganisms11061489
10.1128/JCM.00682-14
10.1128/AAC.02042-17
10.55453/rjmm.2020.123.2.1
10.1007/s00521-023-08625-7
10.1093/cid/ciac506
10.1016/j.jinf.2014.05.005
10.1016/j.ejps.2021.106103
10.3390/pharmacy11010033
10.1007/s10096-017-3008-6
10.1016/S1473-3099(14)70036-2
10.3390/antibiotics9050232
10.3390/ijerph19063246
10.1155/2017/6905450
10.1056/NEJMoa1411162
10.1002/14651858.CD007498.pub3
10.1590/0037-8682-0349-2021
10.20344/amp.15174
10.1016/j.cell.2023.10.002
10.1016/j.jaci.2023.11.018
10.1016/j.cell.2022.11.017
10.1017/S0950268823001371
10.1007/s00134-019-05866-w
10.1016/S1473-3099(17)30753-3
10.1093/cid/ciw649
10.1111/aas.14498
10.1001/jamainternmed.2016.3633
10.1016/S1473-3099(21)00612-5
10.3390/antibiotics11091148
10.1016/j.celrep.2022.110880
10.1093/cid/ciy1054
10.1128/msystems.00607-24",,,False,
"41089327
35497952
30710599
32733922
33677408
36978354
31908502
37627723
34879927
38136752
31940450
26706614
35497942
34707158
33746363
28676125
35637328
35837538
37104254
32726706
35065702
36290000
32954887
26526955
38391506
23260375
33160396
30948524
29891148
36584014
16085721
37760666
32174126
33921477
35071400
36504868
25177596
31604207
36590125","10.3389/fcimb.2025.1569037
10.14202/vetworld.2022.662-671
10.1016/j.fct.2019.01.033
10.3389/fvets.2020.00329
10.1016/j.prevetmed.2021.105287
10.3390/antibiotics12030487
10.5958/2321-5828.2018.00126.2
10.2147/IDR.S234610
10.3390/antibiotics12081303
10.1016/j.vprsr.2021.100615
10.3390/antibiotics12121718
10.1101/2023.06.23.23291817
10.33321/cdi.2020.44.1
10.1016/j.cmi.2015.12.002
10.14202/vetworld.2022.765-774
10.1038/s41598-021-00617-8
10.1016/j.foodcont.2016.03.001
10.1016/B978-0-444-52512-3.00216-3
10.1016/j.tifs.2021.01.075
10.1186/s12917-017-1131-3
10.1080/14735903.2021.1923285
10.1038/s41564-022-01124-w
10.1123/ssj.2014-0051
10.2147/IDR.S342753
10.1080/17458927.2020.1858653
10.1371/journal.pone.0283819
10.1016/j.prevetmed.2020.105087
10.1016/S0140-6736(21)02724-0
10.3390/antibiotics11101342
10.1080/1040841X.2020.1813687
10.1007/s11250-015-0939-8
10.3390/antibiotics13020120
10.1016/j.cimid.2012.11.005
10.1186/s13756-020-00847-x
10.1126/science.aau4679
10.1016/j.prevetmed.2018.04.013
10.1080/14797585.2021.1999172
10.21203/rs.3.rs-2444416/v1
10.1371/journal.pone.0279342
10.1136/vr.157.6.159
10.3390/antibiotics12091369
10.1177/1010539520909942
10.3390/antibiotics10040426
10.3389/fvets.2021.819643
10.3389/fvets.2022.1063530
10.7860/JCDR/2014/8925.4529
10.1126/science.aaw1944
10.14202/vetworld.2022.2673-2680",,,False,
